date,state,fips,cases,deaths
3/6/2020,LIMA,15,1,0
3/7/2020,AREQUIPA,04,1,0
3/7/2020,LIMA,15,4,0
3/8/2020,LIMA,15,2,0
3/9/2020,HUANUCO,10,2,0
3/9/2020,LIMA,15,1,0
3/10/2020,LIMA,15,1,0
3/11/2020,AREQUIPA,04,1,0
3/11/2020,ICA,11,1,0
3/11/2020,LIMA,15,6,0
3/12/2020,LIMA,15,8,0
3/13/2020,CUSCO,08,1,0
3/13/2020,LIMA,15,9,0
3/14/2020,CALLAO,07,1,0
3/14/2020,LAMBAYEQUE,14,1,0
3/14/2020,LIMA,15,15,0
3/14/2020,PIURA,20,2,0
3/15/2020,ANCASH,02,1,0
3/15/2020,CALLAO,07,2,0
3/15/2020,LA LIBERTAD,13,1,0
3/15/2020,LAMBAYEQUE,14,2,0
3/15/2020,LIMA,15,22,0
3/16/2020,CALLAO,07,1,0
3/16/2020,LAMBAYEQUE,14,3,0
3/16/2020,LIMA,15,15,0
3/16/2020,LORETO,15,1,0
3/17/2020,CALLAO,07,1,0
3/17/2020,LA LIBERTAD,13,1,0
3/17/2020,LIMA,15,16,0
3/17/2020,LORETO,15,9,0
3/18/2020,ANCASH,02,1,0
3/18/2020,CUSCO,08,3,0
3/18/2020,LIMA,15,50,0
3/18/2020,LORETO,15,1,0
3/18/2020,MADRE DE DIOS,17,1,0
3/19/2020,ANCASH,02,2,0
3/19/2020,AREQUIPA,04,1,0
3/19/2020,JUNIN,12,2,0
3/19/2020,LIMA,15,56,0
3/19/2020,LORETO,15,1,0
3/20/2020,AREQUIPA,04,1,0
3/20/2020,CALLAO,07,1,0
3/20/2020,JUNIN,12,7,0
3/20/2020,LA LIBERTAD,13,2,0
3/20/2020,LAMBAYEQUE,14,2,0
3/20/2020,LIMA,15,26,0
3/20/2020,LORETO,15,2,0
3/20/2020,PIURA,20,15,0
3/21/2020,LIMA,15,27,0
3/21/2020,LORETO,15,2,0
3/21/2020,PIURA,20,1,0
3/22/2020,AREQUIPA,04,3,0
3/22/2020,CALLAO,07,1,0
3/22/2020,CUSCO,08,2,0
3/22/2020,ICA,11,1,0
3/22/2020,LIMA,15,32,0
3/23/2020,AREQUIPA,04,2,0
3/23/2020,CALLAO,07,1,0
3/23/2020,LA LIBERTAD,13,1,0
3/23/2020,LIMA,15,26,0
3/23/2020,TUMBES,24,3,0
3/24/2020,ANCASH,02,1,0
3/24/2020,AREQUIPA,04,1,0
3/24/2020,CAJAMARCA,06,1,0
3/24/2020,CALLAO,07,2,0
3/24/2020,CUSCO,08,4,0
3/24/2020,JUNIN,12,1,0
3/24/2020,LA LIBERTAD,13,1,0
3/24/2020,LAMBAYEQUE,14,4,0
3/24/2020,LIMA,15,47,0
3/24/2020,LORETO,15,2,0
3/25/2020,ANCASH,02,1,0
3/25/2020,AREQUIPA,04,5,0
3/25/2020,CALLAO,07,5,0
3/25/2020,ICA,11,1,0
3/25/2020,LA LIBERTAD,13,3,0
3/25/2020,LIMA,15,84,0
3/25/2020,PIURA,20,1,0
3/26/2020,CALLAO,07,2,0
3/26/2020,HUANUCO,10,2,0
3/26/2020,JUNIN,12,1,0
3/26/2020,LAMBAYEQUE,14,1,0
3/26/2020,LIMA,15,38,0
3/26/2020,LORETO,15,5,0
3/26/2020,PASCO,19,1,0
3/26/2020,TUMBES,24,2,0
3/27/2020,CALLAO,07,1,0
3/27/2020,CUSCO,08,1,0
3/27/2020,ICA,11,1,0
3/27/2020,LA LIBERTAD,13,1,0
3/27/2020,LAMBAYEQUE,14,2,0
3/27/2020,LIMA,15,22,0
3/27/2020,LORETO,15,4,0
3/27/2020,SAN MARTIN,22,1,0
3/27/2020,TUMBES,24,1,0
3/28/2020,AYACUCHO,05,1,0
3/28/2020,CALLAO,07,5,0
3/28/2020,CUSCO,08,6,0
3/28/2020,JUNIN,12,1,0
3/28/2020,LA LIBERTAD,13,2,0
3/28/2020,LAMBAYEQUE,14,7,0
3/28/2020,LIMA,15,83,0
3/28/2020,LORETO,15,25,0
3/28/2020,PIURA,20,1,0
3/28/2020,SAN MARTIN,22,2,0
3/28/2020,TACNA,23,1,0
3/28/2020,TUMBES,24,2,0
3/29/2020,ANCASH,02,5,0
3/29/2020,AREQUIPA,04,6,0
3/29/2020,CALLAO,07,10,0
3/29/2020,CUSCO,08,8,0
3/29/2020,ICA,11,1,0
3/29/2020,LA LIBERTAD,13,2,0
3/29/2020,LAMBAYEQUE,14,1,0
3/29/2020,LIMA,15,107,0
3/29/2020,LORETO,15,1,0
3/29/2020,SAN MARTIN,22,1,0
3/30/2020,AREQUIPA,04,5,0
3/30/2020,CALLAO,07,1,0
3/30/2020,CUSCO,08,1,0
3/30/2020,HUANUCO,10,2,0
3/30/2020,JUNIN,12,4,0
3/30/2020,LA LIBERTAD,13,4,0
3/30/2020,LAMBAYEQUE,14,8,0
3/30/2020,LIMA,15,93,0
3/30/2020,LORETO,15,5,0
3/30/2020,PUNO,21,1,0
3/30/2020,SAN MARTIN,22,1,0
3/30/2020,TUMBES,24,2,0
3/31/2020,ANCASH,02,2,0
3/31/2020,AREQUIPA,04,4,0
3/31/2020,CALLAO,07,12,0
3/31/2020,CUSCO,08,8,0
3/31/2020,HUANCAVELICA,09,1,0
3/31/2020,ICA,11,3,0
3/31/2020,LA LIBERTAD,13,11,0
3/31/2020,LAMBAYEQUE,14,4,0
3/31/2020,LIMA,15,193,0
3/31/2020,LORETO,15,4,0
3/31/2020,PIURA,20,5,0
3/31/2020,TACNA,23,1,0
3/31/2020,TUMBES,24,3,0
4/1/2020,APURIMAC,03,1,0
4/1/2020,CAJAMARCA,06,1,0
4/1/2020,CALLAO,07,22,0
4/1/2020,CUSCO,08,4,0
4/1/2020,JUNIN,12,2,0
4/1/2020,LA LIBERTAD,13,7,0
4/1/2020,LAMBAYEQUE,14,1,0
4/1/2020,LIMA,15,61,0
4/1/2020,LORETO,15,11,0
4/1/2020,MADRE DE DIOS,17,1,0
4/1/2020,PIURA,20,4,0
4/1/2020,TUMBES,24,2,0
4/2/2020,ANCASH,02,2,0
4/2/2020,AREQUIPA,04,7,0
4/2/2020,CAJAMARCA,06,1,0
4/2/2020,CALLAO,07,6,0
4/2/2020,CUSCO,08,7,0
4/2/2020,LA LIBERTAD,13,7,0
4/2/2020,LAMBAYEQUE,14,5,0
4/2/2020,LIMA,15,170,0
4/2/2020,LORETO,15,9,0
4/2/2020,PIURA,20,1,0
4/2/2020,TUMBES,24,6,0
4/2/2020,UCAYALI,25,1,0
4/3/2020,ANCASH,02,1,0
4/3/2020,CAJAMARCA,06,2,0
4/3/2020,CALLAO,07,14,0
4/3/2020,CUSCO,08,4,0
4/3/2020,HUANCAVELICA,09,1,0
4/3/2020,ICA,11,4,0
4/3/2020,JUNIN,12,8,0
4/3/2020,LA LIBERTAD,13,5,0
4/3/2020,LAMBAYEQUE,14,31,0
4/3/2020,LIMA,15,180,0
4/3/2020,LORETO,15,25,0
4/3/2020,PASCO,19,1,0
4/3/2020,PIURA,20,2,0
4/3/2020,SAN MARTIN,22,3,0
4/3/2020,TUMBES,24,5,0
4/3/2020,UCAYALI,25,1,0
4/4/2020,ANCASH,02,9,0
4/4/2020,AREQUIPA,04,14,0
4/4/2020,AYACUCHO,05,2,0
4/4/2020,CALLAO,07,174,0
4/4/2020,CUSCO,08,11,0
4/4/2020,ICA,11,5,0
4/4/2020,LA LIBERTAD,13,1,0
4/4/2020,LAMBAYEQUE,14,49,0
4/4/2020,LIMA,15,491,0
4/4/2020,LORETO,15,40,0
4/4/2020,MOQUEGUA,18,1,0
4/4/2020,PASCO,19,1,0
4/4/2020,PIURA,20,5,0
4/4/2020,TACNA,23,6,0
4/4/2020,TUMBES,24,10,0
4/4/2020,UCAYALI,25,6,0
4/5/2020,AMAZONAS,01,4,0
4/5/2020,ANCASH,02,7,0
4/5/2020,AREQUIPA,04,9,0
4/5/2020,AYACUCHO,05,2,0
4/5/2020,CALLAO,07,48,0
4/5/2020,CUSCO,08,2,0
4/5/2020,HUANCAVELICA,09,1,0
4/5/2020,HUANUCO,10,1,0
4/5/2020,ICA,11,4,0
4/5/2020,JUNIN,12,4,0
4/5/2020,LA LIBERTAD,13,7,0
4/5/2020,LAMBAYEQUE,14,8,0
4/5/2020,LIMA,15,311,0
4/5/2020,LORETO,15,31,0
4/5/2020,PASCO,19,2,0
4/5/2020,PIURA,20,1,0
4/6/2020,AMAZONAS,01,1,0
4/6/2020,ANCASH,02,13,0
4/6/2020,AREQUIPA,04,7,0
4/6/2020,CALLAO,07,66,0
4/6/2020,CUSCO,08,1,0
4/6/2020,HUANCAVELICA,09,5,0
4/6/2020,HUANUCO,10,3,0
4/6/2020,ICA,11,7,0
4/6/2020,LA LIBERTAD,13,4,0
4/6/2020,LAMBAYEQUE,14,28,0
4/6/2020,LIMA,15,478,0
4/6/2020,LORETO,15,10,0
4/6/2020,MOQUEGUA,18,1,0
4/6/2020,PIURA,20,8,0
4/6/2020,PUNO,21,1,0
4/6/2020,TUMBES,24,4,0
4/6/2020,UCAYALI,25,5,0
4/7/2020,AMAZONAS,01,3,0
4/7/2020,ANCASH,02,26,0
4/7/2020,AREQUIPA,04,4,0
4/7/2020,CAJAMARCA,06,3,0
4/7/2020,CALLAO,07,51,0
4/7/2020,HUANCAVELICA,09,1,0
4/7/2020,HUANUCO,10,2,0
4/7/2020,ICA,11,9,0
4/7/2020,JUNIN,12,13,0
4/7/2020,LA LIBERTAD,13,21,0
4/7/2020,LAMBAYEQUE,14,156,0
4/7/2020,LIMA,15,625,0
4/7/2020,LORETO,15,96,0
4/7/2020,LORETO,16,4,0
4/7/2020,PIURA,20,11,0
4/7/2020,SAN MARTIN,22,3,0
4/7/2020,TACNA,23,1,0
4/7/2020,TUMBES,24,4,0
4/7/2020,UCAYALI,25,1,0
4/8/2020,AMAZONAS,01,5,0
4/8/2020,ANCASH,02,10,0
4/8/2020,AREQUIPA,04,5,0
4/8/2020,AYACUCHO,05,3,0
4/8/2020,CAJAMARCA,06,3,0
4/8/2020,CALLAO,07,127,0
4/8/2020,CUSCO,08,3,0
4/8/2020,HUANUCO,10,5,0
4/8/2020,ICA,11,9,0
4/8/2020,JUNIN,12,2,0
4/8/2020,LA LIBERTAD,13,22,0
4/8/2020,LAMBAYEQUE,14,75,0
4/8/2020,LIMA,15,688,0
4/8/2020,LORETO,15,68,0
4/8/2020,MADRE DE DIOS,17,2,0
4/8/2020,MOQUEGUA,18,1,0
4/8/2020,PIURA,20,21,0
4/8/2020,SAN MARTIN,22,4,0
4/8/2020,TUMBES,24,22,0
4/9/2020,AMAZONAS,01,5,0
4/9/2020,ANCASH,02,13,0
4/9/2020,APURIMAC,03,3,0
4/9/2020,AREQUIPA,04,6,0
4/9/2020,AYACUCHO,05,2,0
4/9/2020,CAJAMARCA,06,6,0
4/9/2020,CALLAO,07,48,0
4/9/2020,CUSCO,08,2,0
4/9/2020,HUANUCO,10,7,0
4/9/2020,ICA,11,5,0
4/9/2020,JUNIN,12,14,0
4/9/2020,LA LIBERTAD,13,7,0
4/9/2020,LAMBAYEQUE,14,19,0
4/9/2020,LIMA,15,623,0
4/9/2020,LORETO,15,5,0
4/9/2020,MADRE DE DIOS,17,1,0
4/9/2020,PASCO,19,5,0
4/9/2020,PIURA,20,40,0
4/9/2020,PUNO,21,1,0
4/9/2020,SAN MARTIN,22,5,0
4/9/2020,TUMBES,24,1,0
4/10/2020,ANCASH,02,16,0
4/10/2020,AREQUIPA,04,2,0
4/10/2020,AYACUCHO,05,2,0
4/10/2020,CALLAO,07,88,0
4/10/2020,CUSCO,08,3,0
4/10/2020,HUANUCO,10,3,0
4/10/2020,ICA,11,15,0
4/10/2020,JUNIN,12,2,0
4/10/2020,LA LIBERTAD,13,5,0
4/10/2020,LAMBAYEQUE,14,59,0
4/10/2020,LIMA,15,791,0
4/10/2020,LORETO,15,7,0
4/10/2020,MOQUEGUA,18,3,0
4/10/2020,PASCO,19,1,0
4/10/2020,PIURA,20,36,0
4/10/2020,TUMBES,24,3,0
4/10/2020,UCAYALI,25,3,0
4/11/2020,ANCASH,02,26,0
4/11/2020,APURIMAC,03,2,0
4/11/2020,AREQUIPA,04,12,0
4/11/2020,CAJAMARCA,06,1,0
4/11/2020,CALLAO,07,306,0
4/11/2020,CUSCO,08,43,0
4/11/2020,HUANCAVELICA,09,2,0
4/11/2020,HUANUCO,10,7,0
4/11/2020,ICA,11,19,0
4/11/2020,JUNIN,12,8,0
4/11/2020,LA LIBERTAD,13,8,0
4/11/2020,LAMBAYEQUE,14,66,0
4/11/2020,LIMA,15,768,0
4/11/2020,LORETO,15,13,0
4/11/2020,MADRE DE DIOS,17,14,0
4/11/2020,MOQUEGUA,18,3,0
4/11/2020,PASCO,19,2,0
4/11/2020,PIURA,20,49,0
4/11/2020,PUNO,21,1,0
4/11/2020,SAN MARTIN,22,15,0
4/11/2020,TUMBES,24,39,0
4/11/2020,UCAYALI,25,1,0
4/12/2020,AMAZONAS,01,7,0
4/12/2020,ANCASH,02,7,0
4/12/2020,AREQUIPA,04,15,0
4/12/2020,CAJAMARCA,06,1,0
4/12/2020,CALLAO,07,38,0
4/12/2020,HUANCAVELICA,09,2,0
4/12/2020,HUANUCO,10,4,0
4/12/2020,ICA,11,3,0
4/12/2020,JUNIN,12,4,0
4/12/2020,LA LIBERTAD,13,3,0
4/12/2020,LAMBAYEQUE,14,56,0
4/12/2020,LIMA,15,514,0
4/12/2020,LORETO,15,23,0
4/12/2020,LORETO,16,1,0
4/12/2020,MADRE DE DIOS,17,13,0
4/12/2020,PIURA,20,32,0
4/12/2020,TUMBES,24,6,0
4/12/2020,UCAYALI,25,3,0
4/13/2020,ANCASH,02,20,0
4/13/2020,APURIMAC,03,4,0
4/13/2020,AREQUIPA,04,12,0
4/13/2020,AYACUCHO,05,5,0
4/13/2020,CAJAMARCA,06,4,0
4/13/2020,CALLAO,07,311,0
4/13/2020,CUSCO,08,1,0
4/13/2020,HUANCAVELICA,09,1,0
4/13/2020,HUANUCO,10,5,0
4/13/2020,ICA,11,27,0
4/13/2020,JUNIN,12,9,0
4/13/2020,LA LIBERTAD,13,23,0
4/13/2020,LAMBAYEQUE,14,58,0
4/13/2020,LIMA,15,713,0
4/13/2020,LORETO,15,26,0
4/13/2020,MADRE DE DIOS,17,4,0
4/13/2020,MOQUEGUA,18,2,0
4/13/2020,PIURA,20,31,0
4/13/2020,PUNO,21,1,0
4/13/2020,TUMBES,24,13,0
4/13/2020,UCAYALI,25,11,0
4/14/2020,AMAZONAS,01,8,0
4/14/2020,ANCASH,02,28,0
4/14/2020,APURIMAC,03,9,0
4/14/2020,AREQUIPA,04,13,0
4/14/2020,AYACUCHO,05,5,0
4/14/2020,CAJAMARCA,06,7,0
4/14/2020,CALLAO,07,83,0
4/14/2020,CUSCO,08,3,0
4/14/2020,HUANCAVELICA,09,1,0
4/14/2020,HUANUCO,10,10,0
4/14/2020,ICA,11,6,0
4/14/2020,JUNIN,12,33,0
4/14/2020,LA LIBERTAD,13,25,0
4/14/2020,LAMBAYEQUE,14,59,0
4/14/2020,LIMA,15,615,0
4/14/2020,LORETO,15,31,0
4/14/2020,MADRE DE DIOS,17,4,0
4/14/2020,MOQUEGUA,18,5,0
4/14/2020,PIURA,20,55,0
4/14/2020,SAN MARTIN,22,6,0
4/14/2020,TACNA,23,3,0
4/14/2020,TUMBES,24,22,0
4/14/2020,UCAYALI,25,6,0
4/15/2020,AMAZONAS,01,7,0
4/15/2020,ANCASH,02,43,0
4/15/2020,APURIMAC,03,3,0
4/15/2020,AREQUIPA,04,27,0
4/15/2020,AYACUCHO,05,4,0
4/15/2020,CAJAMARCA,06,10,0
4/15/2020,CALLAO,07,99,0
4/15/2020,CUSCO,08,1,0
4/15/2020,HUANCAVELICA,09,4,0
4/15/2020,HUANUCO,10,14,0
4/15/2020,ICA,11,13,0
4/15/2020,JUNIN,12,12,0
4/15/2020,LA LIBERTAD,13,27,0
4/15/2020,LAMBAYEQUE,14,176,0
4/15/2020,LIMA,15,774,0
4/15/2020,LORETO,15,14,0
4/15/2020,MADRE DE DIOS,17,6,0
4/15/2020,MOQUEGUA,18,4,0
4/15/2020,PIURA,20,77,0
4/15/2020,PUNO,21,4,0
4/15/2020,SAN MARTIN,22,13,0
4/15/2020,TACNA,23,2,0
4/15/2020,TUMBES,24,18,0
4/15/2020,UCAYALI,25,21,0
4/16/2020,AMAZONAS,01,3,0
4/16/2020,ANCASH,02,38,0
4/16/2020,APURIMAC,03,4,0
4/16/2020,AREQUIPA,04,41,0
4/16/2020,AYACUCHO,05,1,0
4/16/2020,CAJAMARCA,06,5,0
4/16/2020,CALLAO,07,100,0
4/16/2020,CUSCO,08,8,0
4/16/2020,HUANCAVELICA,09,6,0
4/16/2020,HUANUCO,10,11,0
4/16/2020,ICA,11,23,0
4/16/2020,JUNIN,12,28,0
4/16/2020,LA LIBERTAD,13,25,0
4/16/2020,LAMBAYEQUE,14,85,0
4/16/2020,LIMA,15,828,0
4/16/2020,LORETO,15,7,0
4/16/2020,MADRE DE DIOS,17,6,0
4/16/2020,MOQUEGUA,18,5,0
4/16/2020,PASCO,19,3,0
4/16/2020,PIURA,20,52,0
4/16/2020,PUNO,21,2,0
4/16/2020,SAN MARTIN,22,11,0
4/16/2020,TACNA,23,7,0
4/16/2020,TUMBES,24,12,0
4/16/2020,UCAYALI,25,6,0
4/17/2020,AMAZONAS,01,1,0
4/17/2020,ANCASH,02,26,0
4/17/2020,APURIMAC,03,5,0
4/17/2020,AREQUIPA,04,12,0
4/17/2020,AYACUCHO,05,4,0
4/17/2020,CAJAMARCA,06,10,0
4/17/2020,CALLAO,07,116,0
4/17/2020,CUSCO,08,7,0
4/17/2020,HUANCAVELICA,09,1,0
4/17/2020,HUANUCO,10,38,0
4/17/2020,ICA,11,22,0
4/17/2020,JUNIN,12,20,0
4/17/2020,LA LIBERTAD,13,26,0
4/17/2020,LAMBAYEQUE,14,77,0
4/17/2020,LIMA,15,559,0
4/17/2020,LORETO,15,58,0
4/17/2020,MADRE DE DIOS,17,5,0
4/17/2020,MOQUEGUA,18,5,0
4/17/2020,PASCO,19,2,0
4/17/2020,PIURA,20,49,0
4/17/2020,PUNO,21,4,0
4/17/2020,SAN MARTIN,22,12,0
4/17/2020,TACNA,23,9,0
4/17/2020,TUMBES,24,7,0
4/17/2020,UCAYALI,25,15,0
4/18/2020,AMAZONAS,01,3,0
4/18/2020,ANCASH,02,57,0
4/18/2020,APURIMAC,03,4,0
4/18/2020,AREQUIPA,04,33,0
4/18/2020,CAJAMARCA,06,7,0
4/18/2020,CALLAO,07,107,0
4/18/2020,CUSCO,08,11,0
4/18/2020,HUANUCO,10,20,0
4/18/2020,ICA,11,19,0
4/18/2020,JUNIN,12,14,0
4/18/2020,LA LIBERTAD,13,27,0
4/18/2020,LAMBAYEQUE,14,47,0
4/18/2020,LIMA,15,862,0
4/18/2020,LORETO,15,71,0
4/18/2020,MADRE DE DIOS,17,4,0
4/18/2020,PASCO,19,13,0
4/18/2020,PIURA,20,42,0
4/18/2020,PUNO,21,9,0
4/18/2020,SAN MARTIN,22,12,0
4/18/2020,TACNA,23,5,0
4/18/2020,TUMBES,24,6,0
4/18/2020,UCAYALI,25,19,0
4/19/2020,AMAZONAS,01,1,0
4/19/2020,ANCASH,02,9,0
4/19/2020,AREQUIPA,04,3,0
4/19/2020,AYACUCHO,05,3,0
4/19/2020,CAJAMARCA,06,2,0
4/19/2020,CALLAO,07,78,0
4/19/2020,HUANCAVELICA,09,2,0
4/19/2020,HUANUCO,10,4,0
4/19/2020,ICA,11,4,0
4/19/2020,JUNIN,12,5,0
4/19/2020,LA LIBERTAD,13,10,0
4/19/2020,LAMBAYEQUE,14,26,0
4/19/2020,LIMA,15,828,0
4/19/2020,LORETO,15,42,0
4/19/2020,MOQUEGUA,18,1,0
4/19/2020,PASCO,19,2,0
4/19/2020,PIURA,20,11,0
4/19/2020,SAN MARTIN,22,1,0
4/19/2020,TACNA,23,3,0
4/19/2020,TUMBES,24,6,0
4/19/2020,UCAYALI,25,22,0
4/20/2020,AMAZONAS,01,3,0
4/20/2020,ANCASH,02,35,0
4/20/2020,APURIMAC,03,1,0
4/20/2020,AREQUIPA,04,28,0
4/20/2020,AYACUCHO,05,3,0
4/20/2020,CAJAMARCA,06,11,0
4/20/2020,CALLAO,07,374,0
4/20/2020,CUSCO,08,15,0
4/20/2020,HUANCAVELICA,09,3,0
4/20/2020,HUANUCO,10,7,0
4/20/2020,ICA,11,28,0
4/20/2020,JUNIN,12,19,0
4/20/2020,LA LIBERTAD,13,52,0
4/20/2020,LAMBAYEQUE,14,142,0
4/20/2020,LIMA,15,"1,121",0
4/20/2020,LORETO,15,39,0
4/20/2020,LORETO,16,3,0
4/20/2020,MADRE DE DIOS,17,5,0
4/20/2020,MOQUEGUA,18,9,0
4/20/2020,PASCO,19,13,0
4/20/2020,PIURA,20,54,0
4/20/2020,PUNO,21,10,0
4/20/2020,SAN MARTIN,22,7,0
4/20/2020,TACNA,23,6,0
4/20/2020,TUMBES,24,17,0
4/20/2020,UCAYALI,25,26,0
4/21/2020,AMAZONAS,01,7,0
4/21/2020,ANCASH,02,45,0
4/21/2020,APURIMAC,03,7,0
4/21/2020,AREQUIPA,04,28,0
4/21/2020,AYACUCHO,05,1,0
4/21/2020,CAJAMARCA,06,9,0
4/21/2020,CALLAO,07,432,0
4/21/2020,CUSCO,08,7,0
4/21/2020,HUANCAVELICA,09,1,0
4/21/2020,HUANUCO,10,10,0
4/21/2020,ICA,11,22,0
4/21/2020,JUNIN,12,28,0
4/21/2020,LA LIBERTAD,13,44,0
4/21/2020,LAMBAYEQUE,14,132,0
4/21/2020,LIMA,15,"1,240",0
4/21/2020,LORETO,15,17,0
4/21/2020,LORETO,16,2,0
4/21/2020,MADRE DE DIOS,17,5,0
4/21/2020,MOQUEGUA,18,7,0
4/21/2020,PASCO,19,11,0
4/21/2020,PIURA,20,50,0
4/21/2020,PUNO,21,15,0
4/21/2020,SAN MARTIN,22,5,0
4/21/2020,TACNA,23,5,0
4/21/2020,TUMBES,24,2,0
4/21/2020,UCAYALI,25,23,0
4/22/2020,AMAZONAS,01,3,0
4/22/2020,ANCASH,02,30,0
4/22/2020,APURIMAC,03,3,0
4/22/2020,AREQUIPA,04,43,0
4/22/2020,AYACUCHO,05,2,0
4/22/2020,CAJAMARCA,06,35,0
4/22/2020,CALLAO,07,123,0
4/22/2020,CUSCO,08,19,0
4/22/2020,HUANCAVELICA,09,4,0
4/22/2020,HUANUCO,10,5,0
4/22/2020,ICA,11,32,0
4/22/2020,JUNIN,12,20,0
4/22/2020,LA LIBERTAD,13,46,0
4/22/2020,LAMBAYEQUE,14,136,0
4/22/2020,LIMA,15,"1,410",0
4/22/2020,LORETO,15,17,0
4/22/2020,LORETO,16,1,0
4/22/2020,MADRE DE DIOS,17,13,0
4/22/2020,MOQUEGUA,18,4,0
4/22/2020,PASCO,19,2,0
4/22/2020,PIURA,20,72,0
4/22/2020,PUNO,21,6,0
4/22/2020,SAN MARTIN,22,4,0
4/22/2020,TACNA,23,6,0
4/22/2020,TUMBES,24,7,0
4/22/2020,UCAYALI,25,24,0
4/23/2020,AMAZONAS,01,2,0
4/23/2020,ANCASH,02,48,0
4/23/2020,APURIMAC,03,3,0
4/23/2020,AREQUIPA,04,56,0
4/23/2020,AYACUCHO,05,2,0
4/23/2020,CAJAMARCA,06,8,0
4/23/2020,CALLAO,07,159,0
4/23/2020,CUSCO,08,14,0
4/23/2020,HUANCAVELICA,09,3,0
4/23/2020,HUANUCO,10,9,0
4/23/2020,ICA,11,34,0
4/23/2020,JUNIN,12,22,0
4/23/2020,LA LIBERTAD,13,40,0
4/23/2020,LAMBAYEQUE,14,177,0
4/23/2020,LIMA,15,"1,261",0
4/23/2020,LORETO,15,23,0
4/23/2020,LORETO,16,2,0
4/23/2020,MADRE DE DIOS,17,2,0
4/23/2020,MOQUEGUA,18,6,0
4/23/2020,PASCO,19,4,0
4/23/2020,PIURA,20,102,0
4/23/2020,PUNO,21,8,0
4/23/2020,SAN MARTIN,22,2,0
4/23/2020,TACNA,23,4,0
4/23/2020,TUMBES,24,12,0
4/23/2020,UCAYALI,25,15,0
4/24/2020,AMAZONAS,01,6,0
4/24/2020,ANCASH,02,58,0
4/24/2020,APURIMAC,03,2,0
4/24/2020,AREQUIPA,04,66,0
4/24/2020,AYACUCHO,05,5,0
4/24/2020,CAJAMARCA,06,22,0
4/24/2020,CALLAO,07,124,0
4/24/2020,CUSCO,08,3,0
4/24/2020,HUANCAVELICA,09,3,0
4/24/2020,HUANUCO,10,9,0
4/24/2020,ICA,11,16,0
4/24/2020,JUNIN,12,11,0
4/24/2020,LA LIBERTAD,13,21,0
4/24/2020,LAMBAYEQUE,14,212,0
4/24/2020,LIMA,15,"1,296",0
4/24/2020,LORETO,15,77,0
4/24/2020,LORETO,16,2,0
4/24/2020,MADRE DE DIOS,17,3,0
4/24/2020,MOQUEGUA,18,15,0
4/24/2020,PASCO,19,3,0
4/24/2020,PIURA,20,152,0
4/24/2020,PUNO,21,16,0
4/24/2020,SAN MARTIN,22,13,0
4/24/2020,TACNA,23,5,0
4/24/2020,TUMBES,24,20,0
4/24/2020,UCAYALI,25,51,0
4/25/2020,AMAZONAS,01,10,0
4/25/2020,ANCASH,02,81,0
4/25/2020,APURIMAC,03,8,0
4/25/2020,AREQUIPA,04,24,0
4/25/2020,AYACUCHO,05,7,0
4/25/2020,CAJAMARCA,06,16,0
4/25/2020,CALLAO,07,171,0
4/25/2020,CUSCO,08,11,0
4/25/2020,HUANCAVELICA,09,14,0
4/25/2020,HUANUCO,10,48,0
4/25/2020,ICA,11,27,0
4/25/2020,JUNIN,12,15,0
4/25/2020,LA LIBERTAD,13,53,0
4/25/2020,LAMBAYEQUE,14,135,0
4/25/2020,LIMA,15,"1,406",0
4/25/2020,LORETO,15,78,0
4/25/2020,LORETO,16,6,0
4/25/2020,MADRE DE DIOS,17,7,0
4/25/2020,MOQUEGUA,18,14,0
4/25/2020,PASCO,19,8,0
4/25/2020,PIURA,20,156,0
4/25/2020,PUNO,21,17,0
4/25/2020,SAN MARTIN,22,29,0
4/25/2020,TACNA,23,6,0
4/25/2020,TUMBES,24,12,0
4/25/2020,UCAYALI,25,21,0
4/26/2020,AMAZONAS,01,9,0
4/26/2020,ANCASH,02,13,0
4/26/2020,APURIMAC,03,4,0
4/26/2020,AREQUIPA,04,4,0
4/26/2020,AYACUCHO,05,13,0
4/26/2020,CAJAMARCA,06,3,0
4/26/2020,CALLAO,07,67,0
4/26/2020,CUSCO,08,1,0
4/26/2020,HUANCAVELICA,09,11,0
4/26/2020,HUANUCO,10,6,0
4/26/2020,ICA,11,10,0
4/26/2020,JUNIN,12,12,0
4/26/2020,LA LIBERTAD,13,8,0
4/26/2020,LAMBAYEQUE,14,70,0
4/26/2020,LIMA,15,974,0
4/26/2020,LORETO,15,55,0
4/26/2020,LORETO,16,3,0
4/26/2020,MADRE DE DIOS,17,1,0
4/26/2020,MOQUEGUA,18,5,0
4/26/2020,PASCO,19,5,0
4/26/2020,PIURA,20,80,0
4/26/2020,PUNO,21,14,0
4/26/2020,SAN MARTIN,22,16,0
4/26/2020,TACNA,23,3,0
4/26/2020,TUMBES,24,9,0
4/26/2020,UCAYALI,25,17,0
4/27/2020,AMAZONAS,01,17,0
4/27/2020,ANCASH,02,47,0
4/27/2020,APURIMAC,03,6,0
4/27/2020,AREQUIPA,04,76,0
4/27/2020,AYACUCHO,05,17,0
4/27/2020,CAJAMARCA,06,10,0
4/27/2020,CALLAO,07,230,0
4/27/2020,CUSCO,08,14,0
4/27/2020,HUANCAVELICA,09,18,0
4/27/2020,HUANUCO,10,20,0
4/27/2020,ICA,11,51,0
4/27/2020,JUNIN,12,33,0
4/27/2020,LA LIBERTAD,13,71,0
4/27/2020,LAMBAYEQUE,14,295,0
4/27/2020,LIMA,15,"1,944",0
4/27/2020,LORETO,15,72,0
4/27/2020,LORETO,16,2,0
4/27/2020,MADRE DE DIOS,17,9,0
4/27/2020,MOQUEGUA,18,3,0
4/27/2020,PASCO,19,12,0
4/27/2020,PIURA,20,236,0
4/27/2020,PUNO,21,28,0
4/27/2020,SAN MARTIN,22,23,0
4/27/2020,TACNA,23,5,0
4/27/2020,TUMBES,24,16,0
4/27/2020,UCAYALI,25,109,0
4/28/2020,AMAZONAS,01,32,0
4/28/2020,ANCASH,02,101,0
4/28/2020,APURIMAC,03,6,0
4/28/2020,AREQUIPA,04,76,0
4/28/2020,AYACUCHO,05,13,0
4/28/2020,CAJAMARCA,06,14,0
4/28/2020,CALLAO,07,200,0
4/28/2020,CUSCO,08,23,0
4/28/2020,HUANCAVELICA,09,13,0
4/28/2020,HUANUCO,10,15,0
4/28/2020,ICA,11,90,0
4/28/2020,JUNIN,12,43,0
4/28/2020,LA LIBERTAD,13,175,0
4/28/2020,LAMBAYEQUE,14,241,0
4/28/2020,LIMA,15,"1,699",0
4/28/2020,LORETO,15,170,0
4/28/2020,LORETO,16,3,0
4/28/2020,MADRE DE DIOS,17,3,0
4/28/2020,MOQUEGUA,18,12,0
4/28/2020,PASCO,19,5,0
4/28/2020,PIURA,20,142,0
4/28/2020,PUNO,21,22,0
4/28/2020,SAN MARTIN,22,43,0
4/28/2020,TACNA,23,14,0
4/28/2020,TUMBES,24,12,0
4/28/2020,UCAYALI,25,184,0
4/29/2020,AMAZONAS,01,28,0
4/29/2020,ANCASH,02,80,0
4/29/2020,APURIMAC,03,7,0
4/29/2020,AREQUIPA,04,111,0
4/29/2020,AYACUCHO,05,32,0
4/29/2020,CAJAMARCA,06,29,0
4/29/2020,CALLAO,07,189,0
4/29/2020,CUSCO,08,22,0
4/29/2020,HUANCAVELICA,09,20,0
4/29/2020,HUANUCO,10,13,0
4/29/2020,ICA,11,131,0
4/29/2020,JUNIN,12,45,0
4/29/2020,LA LIBERTAD,13,142,0
4/29/2020,LAMBAYEQUE,14,248,0
4/29/2020,LIMA,15,"2,493",0
4/29/2020,LORETO,15,222,0
4/29/2020,LORETO,16,8,0
4/29/2020,MADRE DE DIOS,17,8,0
4/29/2020,MOQUEGUA,18,20,0
4/29/2020,PASCO,19,13,0
4/29/2020,PIURA,20,153,0
4/29/2020,PUNO,21,18,0
4/29/2020,SAN MARTIN,22,21,0
4/29/2020,TACNA,23,9,0
4/29/2020,TUMBES,24,47,0
4/29/2020,UCAYALI,25,87,0
4/30/2020,AMAZONAS,01,15,0
4/30/2020,ANCASH,02,108,0
4/30/2020,APURIMAC,03,13,0
4/30/2020,AREQUIPA,04,69,0
4/30/2020,AYACUCHO,05,13,0
4/30/2020,CAJAMARCA,06,47,0
4/30/2020,CALLAO,07,255,0
4/30/2020,CUSCO,08,17,0
4/30/2020,HUANCAVELICA,09,7,0
4/30/2020,HUANUCO,10,19,0
4/30/2020,ICA,11,41,0
4/30/2020,JUNIN,12,66,0
4/30/2020,LA LIBERTAD,13,114,0
4/30/2020,LAMBAYEQUE,14,212,0
4/30/2020,LIMA,15,"1,731",0
4/30/2020,LORETO,15,86,0
4/30/2020,LORETO,16,8,0
4/30/2020,MADRE DE DIOS,17,3,0
4/30/2020,MOQUEGUA,18,10,0
4/30/2020,PASCO,19,1,0
4/30/2020,PIURA,20,180,0
4/30/2020,PUNO,21,18,0
4/30/2020,SAN MARTIN,22,15,0
4/30/2020,TACNA,23,10,0
4/30/2020,TUMBES,24,30,0
4/30/2020,UCAYALI,25,79,0
5/1/2020,AMAZONAS,01,47,0
5/1/2020,ANCASH,02,63,0
5/1/2020,AREQUIPA,04,38,0
5/1/2020,AYACUCHO,05,12,0
5/1/2020,CAJAMARCA,06,19,0
5/1/2020,CALLAO,07,115,0
5/1/2020,CUSCO,08,6,0
5/1/2020,HUANCAVELICA,09,49,0
5/1/2020,HUANUCO,10,8,0
5/1/2020,ICA,11,35,0
5/1/2020,JUNIN,12,26,0
5/1/2020,LA LIBERTAD,13,52,0
5/1/2020,LAMBAYEQUE,14,227,0
5/1/2020,LIMA,15,"1,372",0
5/1/2020,LORETO,15,136,0
5/1/2020,LORETO,16,6,0
5/1/2020,MADRE DE DIOS,17,2,0
5/1/2020,MOQUEGUA,18,11,0
5/1/2020,PASCO,19,5,0
5/1/2020,PIURA,20,141,0
5/1/2020,PUNO,21,8,0
5/1/2020,SAN MARTIN,22,18,0
5/1/2020,TACNA,23,4,0
5/1/2020,TUMBES,24,17,0
5/1/2020,UCAYALI,25,76,0
5/2/2020,AMAZONAS,01,50,0
5/2/2020,ANCASH,02,119,0
5/2/2020,APURIMAC,03,1,0
5/2/2020,AREQUIPA,04,31,0
5/2/2020,AYACUCHO,05,16,0
5/2/2020,CAJAMARCA,06,29,0
5/2/2020,CALLAO,07,214,0
5/2/2020,CUSCO,08,11,0
5/2/2020,HUANCAVELICA,09,22,0
5/2/2020,HUANUCO,10,3,0
5/2/2020,ICA,11,48,0
5/2/2020,JUNIN,12,55,0
5/2/2020,LA LIBERTAD,13,111,0
5/2/2020,LAMBAYEQUE,14,144,0
5/2/2020,LIMA,15,"1,873",0
5/2/2020,LORETO,15,101,0
5/2/2020,LORETO,16,4,0
5/2/2020,MADRE DE DIOS,17,3,0
5/2/2020,MOQUEGUA,18,4,0
5/2/2020,PASCO,19,9,0
5/2/2020,PIURA,20,196,0
5/2/2020,PUNO,21,5,0
5/2/2020,SAN MARTIN,22,30,0
5/2/2020,TACNA,23,5,0
5/2/2020,TUMBES,24,39,0
5/2/2020,UCAYALI,25,106,0
5/3/2020,AMAZONAS,01,2,0
5/3/2020,ANCASH,02,27,0
5/3/2020,AREQUIPA,04,7,0
5/3/2020,AYACUCHO,05,2,0
5/3/2020,CAJAMARCA,06,13,0
5/3/2020,CALLAO,07,95,0
5/3/2020,CUSCO,08,2,0
5/3/2020,HUANCAVELICA,09,6,0
5/3/2020,HUANUCO,10,4,0
5/3/2020,ICA,11,28,0
5/3/2020,JUNIN,12,48,0
5/3/2020,LA LIBERTAD,13,51,0
5/3/2020,LAMBAYEQUE,14,131,0
5/3/2020,LIMA,15,"1,189",0
5/3/2020,LORETO,15,24,0
5/3/2020,LORETO,16,1,0
5/3/2020,PASCO,19,2,0
5/3/2020,PIURA,20,86,0
5/3/2020,PUNO,21,1,0
5/3/2020,SAN MARTIN,22,20,0
5/3/2020,TACNA,23,4,0
5/3/2020,TUMBES,24,11,0
5/3/2020,UCAYALI,25,94,0
5/4/2020,AMAZONAS,01,26,0
5/4/2020,ANCASH,02,99,0
5/4/2020,APURIMAC,03,6,0
5/4/2020,AREQUIPA,04,60,0
5/4/2020,AYACUCHO,05,27,0
5/4/2020,CAJAMARCA,06,14,0
5/4/2020,CALLAO,07,201,0
5/4/2020,CUSCO,08,7,0
5/4/2020,HUANCAVELICA,09,2,0
5/4/2020,HUANUCO,10,7,0
5/4/2020,ICA,11,62,0
5/4/2020,JUNIN,12,44,0
5/4/2020,LA LIBERTAD,13,120,0
5/4/2020,LAMBAYEQUE,14,306,0
5/4/2020,LIMA,15,"2,282",0
5/4/2020,LORETO,15,125,0
5/4/2020,LORETO,16,7,0
5/4/2020,MADRE DE DIOS,17,5,0
5/4/2020,MOQUEGUA,18,12,0
5/4/2020,PASCO,19,20,0
5/4/2020,PIURA,20,216,0
5/4/2020,PUNO,21,6,0
5/4/2020,SAN MARTIN,22,7,0
5/4/2020,TACNA,23,5,0
5/4/2020,TUMBES,24,21,0
5/4/2020,UCAYALI,25,91,0
5/5/2020,AMAZONAS,01,12,0
5/5/2020,ANCASH,02,121,0
5/5/2020,APURIMAC,03,2,0
5/5/2020,AREQUIPA,04,57,0
5/5/2020,AYACUCHO,05,16,0
5/5/2020,CAJAMARCA,06,14,0
5/5/2020,CALLAO,07,270,0
5/5/2020,CUSCO,08,24,0
5/5/2020,HUANCAVELICA,09,34,0
5/5/2020,HUANUCO,10,4,0
5/5/2020,ICA,11,37,0
5/5/2020,JUNIN,12,60,0
5/5/2020,LA LIBERTAD,13,151,0
5/5/2020,LAMBAYEQUE,14,223,0
5/5/2020,LIMA,15,"2,396",0
5/5/2020,LORETO,15,55,0
5/5/2020,LORETO,16,2,0
5/5/2020,MADRE DE DIOS,17,4,0
5/5/2020,MOQUEGUA,18,13,0
5/5/2020,PASCO,19,8,0
5/5/2020,PIURA,20,216,0
5/5/2020,PUNO,21,8,0
5/5/2020,SAN MARTIN,22,11,0
5/5/2020,TACNA,23,9,0
5/5/2020,TUMBES,24,10,0
5/5/2020,UCAYALI,25,59,0
5/6/2020,AMAZONAS,01,11,0
5/6/2020,ANCASH,02,74,0
5/6/2020,APURIMAC,03,1,0
5/6/2020,AREQUIPA,04,56,0
5/6/2020,AYACUCHO,05,20,0
5/6/2020,CAJAMARCA,06,10,0
5/6/2020,CALLAO,07,253,0
5/6/2020,CUSCO,08,50,0
5/6/2020,HUANCAVELICA,09,2,0
5/6/2020,HUANUCO,10,11,0
5/6/2020,ICA,11,60,0
5/6/2020,JUNIN,12,57,0
5/6/2020,LA LIBERTAD,13,112,0
5/6/2020,LAMBAYEQUE,14,165,0
5/6/2020,LIMA,15,"2,260",0
5/6/2020,LORETO,15,106,0
5/6/2020,LORETO,16,4,0
5/6/2020,MADRE DE DIOS,17,6,0
5/6/2020,MOQUEGUA,18,5,0
5/6/2020,PASCO,19,9,0
5/6/2020,PIURA,20,213,0
5/6/2020,PUNO,21,4,0
5/6/2020,SAN MARTIN,22,31,0
5/6/2020,TACNA,23,5,0
5/6/2020,TUMBES,24,14,0
5/6/2020,UCAYALI,25,81,0
5/7/2020,AMAZONAS,01,9,0
5/7/2020,ANCASH,02,78,0
5/7/2020,AREQUIPA,04,47,0
5/7/2020,AYACUCHO,05,13,0
5/7/2020,CAJAMARCA,06,8,0
5/7/2020,CALLAO,07,329,0
5/7/2020,CUSCO,08,48,0
5/7/2020,HUANCAVELICA,09,5,0
5/7/2020,HUANUCO,10,12,0
5/7/2020,ICA,11,76,0
5/7/2020,JUNIN,12,63,0
5/7/2020,LA LIBERTAD,13,54,0
5/7/2020,LAMBAYEQUE,14,154,0
5/7/2020,LIMA,15,"2,332",0
5/7/2020,LORETO,15,69,0
5/7/2020,LORETO,16,7,0
5/7/2020,MADRE DE DIOS,17,2,0
5/7/2020,MOQUEGUA,18,4,0
5/7/2020,PASCO,19,7,0
5/7/2020,PIURA,20,153,0
5/7/2020,PUNO,21,3,0
5/7/2020,SAN MARTIN,22,62,0
5/7/2020,TACNA,23,1,0
5/7/2020,TUMBES,24,14,0
5/7/2020,UCAYALI,25,12,0
5/8/2020,AMAZONAS,01,19,0
5/8/2020,ANCASH,02,53,0
5/8/2020,AREQUIPA,04,39,0
5/8/2020,AYACUCHO,05,24,0
5/8/2020,CAJAMARCA,06,11,0
5/8/2020,CALLAO,07,224,0
5/8/2020,CUSCO,08,48,0
5/8/2020,HUANCAVELICA,09,13,0
5/8/2020,HUANUCO,10,5,0
5/8/2020,ICA,11,97,0
5/8/2020,JUNIN,12,41,0
5/8/2020,LA LIBERTAD,13,73,0
5/8/2020,LAMBAYEQUE,14,150,0
5/8/2020,LIMA,15,"2,005",0
5/8/2020,LORETO,15,125,0
5/8/2020,LORETO,16,1,0
5/8/2020,MADRE DE DIOS,17,5,0
5/8/2020,MOQUEGUA,18,23,0
5/8/2020,PASCO,19,2,0
5/8/2020,PIURA,20,145,0
5/8/2020,PUNO,21,1,0
5/8/2020,SAN MARTIN,22,50,0
5/8/2020,TACNA,23,5,0
5/8/2020,TUMBES,24,11,0
5/8/2020,UCAYALI,25,101,0
5/9/2020,AMAZONAS,01,4,0
5/9/2020,ANCASH,02,69,0
5/9/2020,APURIMAC,03,1,0
5/9/2020,AREQUIPA,04,59,0
5/9/2020,AYACUCHO,05,9,0
5/9/2020,CAJAMARCA,06,6,0
5/9/2020,CALLAO,07,185,0
5/9/2020,CUSCO,08,11,0
5/9/2020,HUANCAVELICA,09,5,0
5/9/2020,HUANUCO,10,13,0
5/9/2020,ICA,11,37,0
5/9/2020,JUNIN,12,35,0
5/9/2020,LA LIBERTAD,13,82,0
5/9/2020,LAMBAYEQUE,14,67,0
5/9/2020,LIMA,15,"1,398",0
5/9/2020,LORETO,15,103,0
5/9/2020,LORETO,16,2,0
5/9/2020,MADRE DE DIOS,17,13,0
5/9/2020,MOQUEGUA,18,2,0
5/9/2020,PASCO,19,6,0
5/9/2020,PIURA,20,89,0
5/9/2020,PUNO,21,5,0
5/9/2020,SAN MARTIN,22,28,0
5/9/2020,TACNA,23,8,0
5/9/2020,TUMBES,24,22,0
5/9/2020,UCAYALI,25,190,0
5/10/2020,ANCASH,02,11,0
5/10/2020,AREQUIPA,04,25,0
5/10/2020,AYACUCHO,05,2,0
5/10/2020,CAJAMARCA,06,2,0
5/10/2020,CALLAO,07,42,0
5/10/2020,CUSCO,08,2,0
5/10/2020,HUANCAVELICA,09,1,0
5/10/2020,HUANUCO,10,2,0
5/10/2020,ICA,11,12,0
5/10/2020,JUNIN,12,17,0
5/10/2020,LA LIBERTAD,13,38,0
5/10/2020,LAMBAYEQUE,14,27,0
5/10/2020,LIMA,15,600,0
5/10/2020,LORETO,15,35,0
5/10/2020,LORETO,16,16,0
5/10/2020,PASCO,19,2,0
5/10/2020,PIURA,20,38,0
5/10/2020,PUNO,21,1,0
5/10/2020,SAN MARTIN,22,14,0
5/10/2020,TUMBES,24,2,0
5/10/2020,UCAYALI,25,47,0
5/11/2020,AMAZONAS,01,12,0
5/11/2020,ANCASH,02,121,0
5/11/2020,APURIMAC,03,3,0
5/11/2020,AREQUIPA,04,51,0
5/11/2020,AYACUCHO,05,14,0
5/11/2020,CAJAMARCA,06,13,0
5/11/2020,CALLAO,07,212,0
5/11/2020,CUSCO,08,56,0
5/11/2020,HUANCAVELICA,09,1,0
5/11/2020,HUANUCO,10,16,0
5/11/2020,ICA,11,42,0
5/11/2020,JUNIN,12,42,0
5/11/2020,LA LIBERTAD,13,57,0
5/11/2020,LAMBAYEQUE,14,127,0
5/11/2020,LIMA,15,"2,328",0
5/11/2020,LORETO,15,172,0
5/11/2020,LORETO,16,19,0
5/11/2020,MADRE DE DIOS,17,16,0
5/11/2020,MOQUEGUA,18,3,0
5/11/2020,PASCO,19,3,0
5/11/2020,PIURA,20,164,0
5/11/2020,PUNO,21,3,0
5/11/2020,SAN MARTIN,22,11,0
5/11/2020,TACNA,23,1,0
5/11/2020,TUMBES,24,30,0
5/11/2020,UCAYALI,25,46,0
5/12/2020,AMAZONAS,01,11,0
5/12/2020,ANCASH,02,101,0
5/12/2020,APURIMAC,03,3,0
5/12/2020,AREQUIPA,04,104,0
5/12/2020,AYACUCHO,05,17,0
5/12/2020,CAJAMARCA,06,22,0
5/12/2020,CALLAO,07,316,0
5/12/2020,CUSCO,08,33,0
5/12/2020,HUANCAVELICA,09,1,0
5/12/2020,HUANUCO,10,13,0
5/12/2020,ICA,11,94,0
5/12/2020,JUNIN,12,38,0
5/12/2020,LA LIBERTAD,13,103,0
5/12/2020,LAMBAYEQUE,14,129,0
5/12/2020,LIMA,15,"2,920",0
5/12/2020,LORETO,15,94,0
5/12/2020,LORETO,16,24,0
5/12/2020,MADRE DE DIOS,17,11,0
5/12/2020,MOQUEGUA,18,2,0
5/12/2020,PASCO,19,9,0
5/12/2020,PIURA,20,132,0
5/12/2020,PUNO,21,4,0
5/12/2020,SAN MARTIN,22,12,0
5/12/2020,TACNA,23,3,0
5/12/2020,TUMBES,24,29,0
5/12/2020,UCAYALI,25,84,0
5/13/2020,AMAZONAS,01,8,0
5/13/2020,ANCASH,02,152,0
5/13/2020,APURIMAC,03,2,0
5/13/2020,AREQUIPA,04,112,0
5/13/2020,AYACUCHO,05,19,0
5/13/2020,CAJAMARCA,06,3,0
5/13/2020,CALLAO,07,351,0
5/13/2020,CUSCO,08,47,0
5/13/2020,HUANCAVELICA,09,5,0
5/13/2020,HUANUCO,10,62,0
5/13/2020,ICA,11,73,0
5/13/2020,JUNIN,12,74,0
5/13/2020,LA LIBERTAD,13,72,0
5/13/2020,LAMBAYEQUE,14,164,0
5/13/2020,LIMA,15,"2,749",0
5/13/2020,LORETO,15,144,0
5/13/2020,LORETO,16,9,0
5/13/2020,MADRE DE DIOS,17,14,0
5/13/2020,MOQUEGUA,18,6,0
5/13/2020,PASCO,19,8,0
5/13/2020,PIURA,20,115,0
5/13/2020,PUNO,21,1,0
5/13/2020,SAN MARTIN,22,29,0
5/13/2020,TACNA,23,4,0
5/13/2020,TUMBES,24,36,0
5/13/2020,UCAYALI,25,109,0
5/14/2020,AMAZONAS,01,3,0
5/14/2020,ANCASH,02,179,0
5/14/2020,APURIMAC,03,2,0
5/14/2020,AREQUIPA,04,121,0
5/14/2020,AYACUCHO,05,12,0
5/14/2020,CAJAMARCA,06,12,0
5/14/2020,CALLAO,07,325,0
5/14/2020,CUSCO,08,31,0
5/14/2020,HUANCAVELICA,09,12,0
5/14/2020,HUANUCO,10,26,0
5/14/2020,ICA,11,84,0
5/14/2020,JUNIN,12,29,0
5/14/2020,LA LIBERTAD,13,83,0
5/14/2020,LAMBAYEQUE,14,180,0
5/14/2020,LIMA,15,"2,135",0
5/14/2020,LORETO,15,120,0
5/14/2020,LORETO,16,13,0
5/14/2020,MADRE DE DIOS,17,8,0
5/14/2020,MOQUEGUA,18,4,0
5/14/2020,PASCO,19,12,0
5/14/2020,PIURA,20,135,0
5/14/2020,PUNO,21,1,0
5/14/2020,SAN MARTIN,22,38,0
5/14/2020,TACNA,23,6,0
5/14/2020,TUMBES,24,23,0
5/14/2020,UCAYALI,25,110,0
5/15/2020,AMAZONAS,01,23,0
5/15/2020,ANCASH,02,166,0
5/15/2020,APURIMAC,03,3,0
5/15/2020,AREQUIPA,04,96,0
5/15/2020,AYACUCHO,05,47,0
5/15/2020,CAJAMARCA,06,20,0
5/15/2020,CALLAO,07,310,0
5/15/2020,CUSCO,08,6,0
5/15/2020,HUANCAVELICA,09,5,0
5/15/2020,HUANUCO,10,23,0
5/15/2020,ICA,11,102,0
5/15/2020,JUNIN,12,48,0
5/15/2020,LA LIBERTAD,13,210,0
5/15/2020,LAMBAYEQUE,14,259,0
5/15/2020,LIMA,15,"2,385",0
5/15/2020,LORETO,15,218,0
5/15/2020,LORETO,16,19,0
5/15/2020,MADRE DE DIOS,17,4,0
5/15/2020,MOQUEGUA,18,1,0
5/15/2020,PASCO,19,7,0
5/15/2020,PIURA,20,99,0
5/15/2020,PUNO,21,7,0
5/15/2020,SAN MARTIN,22,21,0
5/15/2020,TACNA,23,10,0
5/15/2020,TUMBES,24,38,0
5/15/2020,UCAYALI,25,104,0
5/16/2020,AMAZONAS,01,32,0
5/16/2020,ANCASH,02,103,0
5/16/2020,AREQUIPA,04,85,0
5/16/2020,AYACUCHO,05,39,0
5/16/2020,CAJAMARCA,06,13,0
5/16/2020,CALLAO,07,215,0
5/16/2020,CUSCO,08,10,0
5/16/2020,HUANCAVELICA,09,5,0
5/16/2020,HUANUCO,10,8,0
5/16/2020,ICA,11,118,0
5/16/2020,JUNIN,12,43,0
5/16/2020,LA LIBERTAD,13,145,0
5/16/2020,LAMBAYEQUE,14,134,0
5/16/2020,LIMA,15,"2,378",0
5/16/2020,LORETO,15,82,0
5/16/2020,LORETO,16,73,0
5/16/2020,MADRE DE DIOS,17,19,0
5/16/2020,MOQUEGUA,18,13,0
5/16/2020,PASCO,19,15,0
5/16/2020,PIURA,20,58,0
5/16/2020,PUNO,21,1,0
5/16/2020,SAN MARTIN,22,54,0
5/16/2020,TACNA,23,5,0
5/16/2020,TUMBES,24,36,0
5/16/2020,UCAYALI,25,407,0
5/17/2020,AMAZONAS,01,1,0
5/17/2020,ANCASH,02,49,0
5/17/2020,APURIMAC,03,2,0
5/17/2020,AREQUIPA,04,8,0
5/17/2020,AYACUCHO,05,8,0
5/17/2020,CAJAMARCA,06,2,0
5/17/2020,CALLAO,07,108,0
5/17/2020,HUANCAVELICA,09,9,0
5/17/2020,HUANUCO,10,5,0
5/17/2020,ICA,11,34,0
5/17/2020,JUNIN,12,8,0
5/17/2020,LA LIBERTAD,13,6,0
5/17/2020,LAMBAYEQUE,14,26,0
5/17/2020,LIMA,15,"1,290",0
5/17/2020,LORETO,15,46,0
5/17/2020,LORETO,16,30,0
5/17/2020,PASCO,19,6,0
5/17/2020,PIURA,20,50,0
5/17/2020,SAN MARTIN,22,19,0
5/17/2020,TUMBES,24,14,0
5/17/2020,UCAYALI,25,52,0
5/18/2020,AMAZONAS,01,18,0
5/18/2020,ANCASH,02,96,0
5/18/2020,APURIMAC,03,3,0
5/18/2020,AREQUIPA,04,86,0
5/18/2020,AYACUCHO,05,15,0
5/18/2020,CAJAMARCA,06,18,0
5/18/2020,CALLAO,07,236,0
5/18/2020,CUSCO,08,6,0
5/18/2020,HUANCAVELICA,09,6,0
5/18/2020,HUANUCO,10,17,0
5/18/2020,ICA,11,182,0
5/18/2020,JUNIN,12,98,0
5/18/2020,LA LIBERTAD,13,120,0
5/18/2020,LAMBAYEQUE,14,224,0
5/18/2020,LIMA,15,"3,063",0
5/18/2020,LORETO,15,161,0
5/18/2020,LORETO,16,4,0
5/18/2020,MADRE DE DIOS,17,17,0
5/18/2020,MOQUEGUA,18,9,0
5/18/2020,PASCO,19,8,0
5/18/2020,PIURA,20,181,0
5/18/2020,PUNO,21,5,0
5/18/2020,SAN MARTIN,22,92,0
5/18/2020,TACNA,23,17,0
5/18/2020,TUMBES,24,24,0
5/18/2020,UCAYALI,25,354,0
5/19/2020,AMAZONAS,01,30,0
5/19/2020,ANCASH,02,281,0
5/19/2020,APURIMAC,03,1,0
5/19/2020,AREQUIPA,04,122,0
5/19/2020,AYACUCHO,05,16,0
5/19/2020,CAJAMARCA,06,28,0
5/19/2020,CALLAO,07,382,0
5/19/2020,CUSCO,08,39,0
5/19/2020,HUANCAVELICA,09,16,0
5/19/2020,HUANUCO,10,20,0
5/19/2020,ICA,11,88,0
5/19/2020,JUNIN,12,38,0
5/19/2020,LA LIBERTAD,13,133,0
5/19/2020,LAMBAYEQUE,14,218,0
5/19/2020,LIMA,15,"2,791",0
5/19/2020,LORETO,15,218,0
5/19/2020,LORETO,16,35,0
5/19/2020,MADRE DE DIOS,17,9,0
5/19/2020,MOQUEGUA,18,39,0
5/19/2020,PASCO,19,15,0
5/19/2020,PIURA,20,262,0
5/19/2020,PUNO,21,4,0
5/19/2020,SAN MARTIN,22,89,0
5/19/2020,TACNA,23,12,0
5/19/2020,TUMBES,24,40,0
5/19/2020,UCAYALI,25,140,0
5/20/2020,AMAZONAS,01,10,0
5/20/2020,ANCASH,02,124,0
5/20/2020,AREQUIPA,04,156,0
5/20/2020,AYACUCHO,05,17,0
5/20/2020,CAJAMARCA,06,24,0
5/20/2020,CALLAO,07,349,0
5/20/2020,CUSCO,08,31,0
5/20/2020,HUANCAVELICA,09,10,0
5/20/2020,HUANUCO,10,17,0
5/20/2020,ICA,11,99,0
5/20/2020,JUNIN,12,45,0
5/20/2020,LA LIBERTAD,13,142,0
5/20/2020,LAMBAYEQUE,14,134,0
5/20/2020,LIMA,15,"2,896",0
5/20/2020,LORETO,15,194,0
5/20/2020,LORETO,16,1,0
5/20/2020,MADRE DE DIOS,17,5,0
5/20/2020,MOQUEGUA,18,60,0
5/20/2020,PASCO,19,19,0
5/20/2020,PIURA,20,377,0
5/20/2020,PUNO,21,6,0
5/20/2020,SAN MARTIN,22,41,0
5/20/2020,TACNA,23,8,0
5/20/2020,TUMBES,24,27,0
5/20/2020,UCAYALI,25,317,0
5/21/2020,AMAZONAS,01,54,0
5/21/2020,ANCASH,02,134,0
5/21/2020,APURIMAC,03,5,0
5/21/2020,AREQUIPA,04,144,0
5/21/2020,AYACUCHO,05,19,0
5/21/2020,CAJAMARCA,06,19,0
5/21/2020,CALLAO,07,382,0
5/21/2020,CUSCO,08,39,0
5/21/2020,HUANCAVELICA,09,17,0
5/21/2020,HUANUCO,10,9,0
5/21/2020,ICA,11,172,0
5/21/2020,JUNIN,12,38,0
5/21/2020,LA LIBERTAD,13,267,0
5/21/2020,LAMBAYEQUE,14,165,0
5/21/2020,LIMA,15,"2,941",0
5/21/2020,LORETO,15,194,0
5/21/2020,LORETO,16,7,0
5/21/2020,MADRE DE DIOS,17,10,0
5/21/2020,MOQUEGUA,18,49,0
5/21/2020,PASCO,19,31,0
5/21/2020,PIURA,20,343,0
5/21/2020,PUNO,21,22,0
5/21/2020,SAN MARTIN,22,43,0
5/21/2020,TACNA,23,30,0
5/21/2020,TUMBES,24,35,0
5/21/2020,UCAYALI,25,160,0
5/22/2020,AMAZONAS,01,25,0
5/22/2020,ANCASH,02,175,0
5/22/2020,APURIMAC,03,13,0
5/22/2020,AREQUIPA,04,197,0
5/22/2020,AYACUCHO,05,40,0
5/22/2020,CAJAMARCA,06,29,0
5/22/2020,CALLAO,07,428,0
5/22/2020,CUSCO,08,43,0
5/22/2020,HUANCAVELICA,09,24,0
5/22/2020,HUANUCO,10,36,0
5/22/2020,ICA,11,94,0
5/22/2020,JUNIN,12,54,0
5/22/2020,LA LIBERTAD,13,234,0
5/22/2020,LAMBAYEQUE,14,156,0
5/22/2020,LIMA,15,"3,374",0
5/22/2020,LORETO,15,140,0
5/22/2020,LORETO,16,11,0
5/22/2020,MADRE DE DIOS,17,40,0
5/22/2020,MOQUEGUA,18,60,0
5/22/2020,PASCO,19,42,0
5/22/2020,PIURA,20,476,0
5/22/2020,PUNO,21,13,0
5/22/2020,SAN MARTIN,22,26,0
5/22/2020,TACNA,23,28,0
5/22/2020,TUMBES,24,41,0
5/22/2020,UCAYALI,25,187,0
5/23/2020,AMAZONAS,01,7,0
5/23/2020,ANCASH,02,140,0
5/23/2020,APURIMAC,03,8,0
5/23/2020,AREQUIPA,04,146,0
5/23/2020,AYACUCHO,05,31,0
5/23/2020,CAJAMARCA,06,41,0
5/23/2020,CALLAO,07,346,0
5/23/2020,CUSCO,08,32,0
5/23/2020,HUANCAVELICA,09,6,0
5/23/2020,HUANUCO,10,22,0
5/23/2020,ICA,11,78,0
5/23/2020,JUNIN,12,37,0
5/23/2020,LA LIBERTAD,13,186,0
5/23/2020,LAMBAYEQUE,14,199,0
5/23/2020,LIMA,15,"3,004",0
5/23/2020,LORETO,15,141,0
5/23/2020,LORETO,16,6,0
5/23/2020,MADRE DE DIOS,17,26,0
5/23/2020,MOQUEGUA,18,35,0
5/23/2020,PASCO,19,36,0
5/23/2020,PIURA,20,534,0
5/23/2020,PUNO,21,6,0
5/23/2020,SAN MARTIN,22,18,0
5/23/2020,TACNA,23,43,0
5/23/2020,TUMBES,24,29,0
5/23/2020,UCAYALI,25,125,0
5/24/2020,AMAZONAS,01,4,0
5/24/2020,ANCASH,02,52,0
5/24/2020,AREQUIPA,04,35,0
5/24/2020,AYACUCHO,05,6,0
5/24/2020,CAJAMARCA,06,7,0
5/24/2020,CALLAO,07,72,0
5/24/2020,CUSCO,08,6,0
5/24/2020,HUANCAVELICA,09,7,0
5/24/2020,HUANUCO,10,7,0
5/24/2020,ICA,11,20,0
5/24/2020,JUNIN,12,21,0
5/24/2020,LA LIBERTAD,13,68,0
5/24/2020,LAMBAYEQUE,14,96,0
5/24/2020,LIMA,15,971,0
5/24/2020,LORETO,15,89,0
5/24/2020,LORETO,16,7,0
5/24/2020,MOQUEGUA,18,18,0
5/24/2020,PASCO,19,25,0
5/24/2020,PIURA,20,200,0
5/24/2020,PUNO,21,2,0
5/24/2020,SAN MARTIN,22,15,0
5/24/2020,TACNA,23,2,0
5/24/2020,TUMBES,24,14,0
5/24/2020,UCAYALI,25,36,0
5/25/2020,AMAZONAS,01,49,0
5/25/2020,ANCASH,02,178,0
5/25/2020,APURIMAC,03,21,0
5/25/2020,AREQUIPA,04,192,0
5/25/2020,AYACUCHO,05,25,0
5/25/2020,CAJAMARCA,06,31,0
5/25/2020,CALLAO,07,409,0
5/25/2020,CUSCO,08,51,0
5/25/2020,HUANCAVELICA,09,12,0
5/25/2020,HUANUCO,10,30,0
5/25/2020,ICA,11,247,0
5/25/2020,JUNIN,12,51,0
5/25/2020,LA LIBERTAD,13,269,0
5/25/2020,LAMBAYEQUE,14,320,0
5/25/2020,LIMA,15,"4,098",0
5/25/2020,LORETO,15,97,0
5/25/2020,LORETO,16,31,0
5/25/2020,MADRE DE DIOS,17,39,0
5/25/2020,MOQUEGUA,18,32,0
5/25/2020,PASCO,19,15,0
5/25/2020,PIURA,20,470,0
5/25/2020,PUNO,21,16,0
5/25/2020,SAN MARTIN,22,24,0
5/25/2020,TACNA,23,37,0
5/25/2020,TUMBES,24,44,0
5/25/2020,UCAYALI,25,66,0
5/26/2020,AMAZONAS,01,21,0
5/26/2020,ANCASH,02,186,0
5/26/2020,APURIMAC,03,2,0
5/26/2020,AREQUIPA,04,129,0
5/26/2020,AYACUCHO,05,23,0
5/26/2020,CAJAMARCA,06,31,0
5/26/2020,CALLAO,07,496,0
5/26/2020,CUSCO,08,30,0
5/26/2020,HUANCAVELICA,09,9,0
5/26/2020,HUANUCO,10,21,0
5/26/2020,ICA,11,168,0
5/26/2020,JUNIN,12,53,0
5/26/2020,LA LIBERTAD,13,182,0
5/26/2020,LAMBAYEQUE,14,460,0
5/26/2020,LIMA,15,"4,046",0
5/26/2020,LORETO,15,164,0
5/26/2020,LORETO,16,24,0
5/26/2020,MADRE DE DIOS,17,21,0
5/26/2020,MOQUEGUA,18,27,0
5/26/2020,PASCO,19,13,0
5/26/2020,PIURA,20,411,0
5/26/2020,SAN MARTIN,22,62,0
5/26/2020,TACNA,23,6,0
5/26/2020,TUMBES,24,37,0
5/26/2020,UCAYALI,25,180,0
5/27/2020,AMAZONAS,01,16,0
5/27/2020,ANCASH,02,225,0
5/27/2020,APURIMAC,03,8,0
5/27/2020,AREQUIPA,04,186,0
5/27/2020,AYACUCHO,05,52,0
5/27/2020,CAJAMARCA,06,19,0
5/27/2020,CALLAO,07,511,0
5/27/2020,CUSCO,08,37,0
5/27/2020,HUANCAVELICA,09,14,0
5/27/2020,HUANUCO,10,32,0
5/27/2020,ICA,11,210,0
5/27/2020,JUNIN,12,82,0
5/27/2020,LA LIBERTAD,13,181,0
5/27/2020,LAMBAYEQUE,14,508,0
5/27/2020,LIMA,15,"4,227",0
5/27/2020,LORETO,15,126,0
5/27/2020,LORETO,16,14,0
5/27/2020,MADRE DE DIOS,17,27,0
5/27/2020,MOQUEGUA,18,39,0
5/27/2020,PASCO,19,25,0
5/27/2020,PIURA,20,456,0
5/27/2020,PUNO,21,16,0
5/27/2020,SAN MARTIN,22,65,0
5/27/2020,TACNA,23,7,0
5/27/2020,TUMBES,24,28,0
5/27/2020,UCAYALI,25,161,0
5/28/2020,AMAZONAS,01,24,0
5/28/2020,ANCASH,02,241,0
5/28/2020,APURIMAC,03,9,0
5/28/2020,AREQUIPA,04,186,0
5/28/2020,AYACUCHO,05,28,0
5/28/2020,CAJAMARCA,06,32,0
5/28/2020,CALLAO,07,510,0
5/28/2020,CUSCO,08,46,0
5/28/2020,HUANCAVELICA,09,10,0
5/28/2020,HUANUCO,10,23,0
5/28/2020,ICA,11,132,0
5/28/2020,JUNIN,12,67,0
5/28/2020,LA LIBERTAD,13,307,0
5/28/2020,LAMBAYEQUE,14,315,0
5/28/2020,LIMA,15,"3,536",0
5/28/2020,LORETO,15,70,0
5/28/2020,LORETO,16,7,0
5/28/2020,MADRE DE DIOS,17,53,0
5/28/2020,MOQUEGUA,18,17,0
5/28/2020,PASCO,19,22,0
5/28/2020,PIURA,20,356,0
5/28/2020,PUNO,21,13,0
5/28/2020,SAN MARTIN,22,65,0
5/28/2020,TACNA,23,31,0
5/28/2020,TUMBES,24,44,0
5/28/2020,UCAYALI,25,208,0
5/29/2020,AMAZONAS,01,10,0
5/29/2020,ANCASH,02,174,0
5/29/2020,APURIMAC,03,8,0
5/29/2020,AREQUIPA,04,172,0
5/29/2020,AYACUCHO,05,16,0
5/29/2020,CAJAMARCA,06,20,0
5/29/2020,CALLAO,07,358,0
5/29/2020,CUSCO,08,57,0
5/29/2020,HUANCAVELICA,09,11,0
5/29/2020,HUANUCO,10,33,0
5/29/2020,ICA,11,296,0
5/29/2020,JUNIN,12,67,0
5/29/2020,LA LIBERTAD,13,160,0
5/29/2020,LAMBAYEQUE,14,242,0
5/29/2020,LIMA,15,"3,174",0
5/29/2020,LORETO,15,177,0
5/29/2020,LORETO,16,4,0
5/29/2020,MADRE DE DIOS,17,52,0
5/29/2020,MOQUEGUA,18,16,0
5/29/2020,PASCO,19,4,0
5/29/2020,PIURA,20,266,0
5/29/2020,PUNO,21,24,0
5/29/2020,SAN MARTIN,22,51,0
5/29/2020,TACNA,23,10,0
5/29/2020,TUMBES,24,23,0
5/29/2020,UCAYALI,25,171,0
5/30/2020,AMAZONAS,01,12,0
5/30/2020,ANCASH,02,142,0
5/30/2020,APURIMAC,03,9,0
5/30/2020,AREQUIPA,04,96,0
5/30/2020,AYACUCHO,05,42,0
5/30/2020,CAJAMARCA,06,15,0
5/30/2020,CALLAO,07,250,0
5/30/2020,CUSCO,08,19,0
5/30/2020,HUANCAVELICA,09,11,0
5/30/2020,HUANUCO,10,10,0
5/30/2020,ICA,11,108,0
5/30/2020,JUNIN,12,46,0
5/30/2020,LA LIBERTAD,13,173,0
5/30/2020,LAMBAYEQUE,14,325,0
5/30/2020,LIMA,15,"2,564",0
5/30/2020,LORETO,15,93,0
5/30/2020,LORETO,16,10,0
5/30/2020,MADRE DE DIOS,17,23,0
5/30/2020,MOQUEGUA,18,11,0
5/30/2020,PASCO,19,12,0
5/30/2020,PIURA,20,213,0
5/30/2020,PUNO,21,10,0
5/30/2020,SAN MARTIN,22,63,0
5/30/2020,TACNA,23,18,0
5/30/2020,TUMBES,24,10,0
5/30/2020,UCAYALI,25,206,0
5/31/2020,AMAZONAS,01,12,0
5/31/2020,ANCASH,02,34,0
5/31/2020,APURIMAC,03,3,0
5/31/2020,AREQUIPA,04,20,0
5/31/2020,AYACUCHO,05,4,0
5/31/2020,CAJAMARCA,06,5,0
5/31/2020,CALLAO,07,142,0
5/31/2020,CUSCO,08,1,0
5/31/2020,HUANCAVELICA,09,3,0
5/31/2020,HUANUCO,10,9,0
5/31/2020,ICA,11,28,0
5/31/2020,JUNIN,12,15,0
5/31/2020,LA LIBERTAD,13,100,0
5/31/2020,LAMBAYEQUE,14,60,0
5/31/2020,LIMA,15,"1,392",0
5/31/2020,LORETO,15,277,0
5/31/2020,LORETO,16,8,0
5/31/2020,MADRE DE DIOS,17,1,0
5/31/2020,MOQUEGUA,18,1,0
5/31/2020,PASCO,19,3,0
5/31/2020,PIURA,20,25,0
5/31/2020,SAN MARTIN,22,39,0
5/31/2020,TUMBES,24,10,0
5/31/2020,UCAYALI,25,50,0
6/1/2020,AMAZONAS,01,13,0
6/1/2020,ANCASH,02,137,0
6/1/2020,APURIMAC,03,5,0
6/1/2020,AREQUIPA,04,61,0
6/1/2020,AYACUCHO,05,32,0
6/1/2020,CAJAMARCA,06,31,0
6/1/2020,CALLAO,07,183,0
6/1/2020,CUSCO,08,22,0
6/1/2020,HUANCAVELICA,09,13,0
6/1/2020,HUANUCO,10,19,0
6/1/2020,ICA,11,178,0
6/1/2020,JUNIN,12,46,0
6/1/2020,LA LIBERTAD,13,227,0
6/1/2020,LAMBAYEQUE,14,133,0
6/1/2020,LIMA,15,"1,992",0
6/1/2020,LORETO,15,130,0
6/1/2020,LORETO,16,13,0
6/1/2020,MADRE DE DIOS,17,34,0
6/1/2020,MOQUEGUA,18,8,0
6/1/2020,PASCO,19,33,0
6/1/2020,PIURA,20,500,0
6/1/2020,PUNO,21,6,0
6/1/2020,SAN MARTIN,22,94,0
6/1/2020,TACNA,23,14,0
6/1/2020,TUMBES,24,43,0
6/1/2020,UCAYALI,25,113,0
6/2/2020,AMAZONAS,01,11,0
6/2/2020,ANCASH,02,137,0
6/2/2020,APURIMAC,03,13,0
6/2/2020,AREQUIPA,04,99,0
6/2/2020,AYACUCHO,05,27,0
6/2/2020,CAJAMARCA,06,19,0
6/2/2020,CALLAO,07,185,0
6/2/2020,CUSCO,08,23,0
6/2/2020,HUANCAVELICA,09,5,0
6/2/2020,HUANUCO,10,28,0
6/2/2020,ICA,11,194,0
6/2/2020,JUNIN,12,66,0
6/2/2020,LA LIBERTAD,13,101,0
6/2/2020,LAMBAYEQUE,14,154,0
6/2/2020,LIMA,15,"1,846",0
6/2/2020,LORETO,15,117,0
6/2/2020,LORETO,16,24,0
6/2/2020,MADRE DE DIOS,17,24,0
6/2/2020,MOQUEGUA,18,10,0
6/2/2020,PASCO,19,9,0
6/2/2020,PIURA,20,335,0
6/2/2020,PUNO,21,12,0
6/2/2020,SAN MARTIN,22,98,0
6/2/2020,TACNA,23,15,0
6/2/2020,TUMBES,24,31,0
6/2/2020,UCAYALI,25,39,0
6/3/2020,AMAZONAS,01,26,0
6/3/2020,ANCASH,02,108,0
6/3/2020,APURIMAC,03,11,0
6/3/2020,AREQUIPA,04,55,0
6/3/2020,AYACUCHO,05,17,0
6/3/2020,CAJAMARCA,06,30,0
6/3/2020,CALLAO,07,153,0
6/3/2020,CUSCO,08,11,0
6/3/2020,HUANCAVELICA,09,29,0
6/3/2020,HUANUCO,10,31,0
6/3/2020,ICA,11,120,0
6/3/2020,JUNIN,12,38,0
6/3/2020,LA LIBERTAD,13,96,0
6/3/2020,LAMBAYEQUE,14,121,0
6/3/2020,LIMA,15,943,0
6/3/2020,LORETO,15,53,0
6/3/2020,LORETO,16,8,0
6/3/2020,MADRE DE DIOS,17,32,0
6/3/2020,MOQUEGUA,18,14,0
6/3/2020,PASCO,19,33,0
6/3/2020,PIURA,20,262,0
6/3/2020,PUNO,21,18,0
6/3/2020,SAN MARTIN,22,59,0
6/3/2020,TACNA,23,14,0
6/3/2020,TUMBES,24,28,0
6/3/2020,UCAYALI,25,55,0
6/4/2020,AMAZONAS,01,28,0
6/4/2020,ANCASH,02,111,0
6/4/2020,APURIMAC,03,17,0
6/4/2020,AREQUIPA,04,51,0
6/4/2020,AYACUCHO,05,36,0
6/4/2020,CAJAMARCA,06,21,0
6/4/2020,CALLAO,07,213,0
6/4/2020,CUSCO,08,14,0
6/4/2020,HUANCAVELICA,09,14,0
6/4/2020,HUANUCO,10,80,0
6/4/2020,ICA,11,101,0
6/4/2020,JUNIN,12,24,0
6/4/2020,LA LIBERTAD,13,177,0
6/4/2020,LAMBAYEQUE,14,178,0
6/4/2020,LIMA,15,"1,900",0
6/4/2020,LORETO,15,54,0
6/4/2020,LORETO,16,78,0
6/4/2020,MADRE DE DIOS,17,89,0
6/4/2020,MOQUEGUA,18,22,0
6/4/2020,PASCO,19,29,0
6/4/2020,PIURA,20,486,0
6/4/2020,PUNO,21,26,0
6/4/2020,SAN MARTIN,22,71,0
6/4/2020,TACNA,23,14,0
6/4/2020,TUMBES,24,25,0
6/4/2020,UCAYALI,25,61,0
6/5/2020,AMAZONAS,01,27,0
6/5/2020,ANCASH,02,82,0
6/5/2020,APURIMAC,03,11,0
6/5/2020,AREQUIPA,04,117,0
6/5/2020,AYACUCHO,05,18,0
6/5/2020,CAJAMARCA,06,52,0
6/5/2020,CALLAO,07,239,0
6/5/2020,CUSCO,08,18,0
6/5/2020,HUANCAVELICA,09,7,0
6/5/2020,HUANUCO,10,42,0
6/5/2020,ICA,11,107,0
6/5/2020,JUNIN,12,18,0
6/5/2020,LA LIBERTAD,13,123,0
6/5/2020,LAMBAYEQUE,14,88,0
6/5/2020,LIMA,15,"2,751",0
6/5/2020,LORETO,15,200,0
6/5/2020,LORETO,16,73,0
6/5/2020,MADRE DE DIOS,17,26,0
6/5/2020,MOQUEGUA,18,5,0
6/5/2020,PASCO,19,13,0
6/5/2020,PIURA,20,438,0
6/5/2020,PUNO,21,7,0
6/5/2020,SAN MARTIN,22,71,0
6/5/2020,TACNA,23,19,0
6/5/2020,TUMBES,24,52,0
6/5/2020,UCAYALI,25,152,0
6/6/2020,AMAZONAS,01,20,0
6/6/2020,ANCASH,02,112,0
6/6/2020,APURIMAC,03,13,0
6/6/2020,AREQUIPA,04,138,0
6/6/2020,AYACUCHO,05,29,0
6/6/2020,CAJAMARCA,06,43,0
6/6/2020,CALLAO,07,265,0
6/6/2020,CUSCO,08,40,0
6/6/2020,HUANCAVELICA,09,11,0
6/6/2020,HUANUCO,10,15,0
6/6/2020,ICA,11,148,0
6/6/2020,JUNIN,12,47,0
6/6/2020,LA LIBERTAD,13,148,0
6/6/2020,LAMBAYEQUE,14,155,0
6/6/2020,LIMA,15,"2,511",0
6/6/2020,LORETO,15,95,0
6/6/2020,LORETO,16,68,0
6/6/2020,MADRE DE DIOS,17,23,0
6/6/2020,MOQUEGUA,18,2,0
6/6/2020,PASCO,19,8,0
6/6/2020,PIURA,20,434,0
6/6/2020,PUNO,21,7,0
6/6/2020,SAN MARTIN,22,63,0
6/6/2020,TACNA,23,15,0
6/6/2020,TUMBES,24,36,0
6/6/2020,UCAYALI,25,172,0
6/7/2020,AMAZONAS,01,5,0
6/7/2020,ANCASH,02,103,0
6/7/2020,APURIMAC,03,5,0
6/7/2020,AREQUIPA,04,34,0
6/7/2020,AYACUCHO,05,10,0
6/7/2020,CAJAMARCA,06,13,0
6/7/2020,CALLAO,07,98,0
6/7/2020,CUSCO,08,20,0
6/7/2020,HUANCAVELICA,09,13,0
6/7/2020,HUANUCO,10,14,0
6/7/2020,ICA,11,78,0
6/7/2020,JUNIN,12,40,0
6/7/2020,LA LIBERTAD,13,42,0
6/7/2020,LAMBAYEQUE,14,115,0
6/7/2020,LIMA,15,"1,772",0
6/7/2020,LORETO,15,11,0
6/7/2020,LORETO,16,15,0
6/7/2020,MADRE DE DIOS,17,8,0
6/7/2020,MOQUEGUA,18,2,0
6/7/2020,PASCO,19,11,0
6/7/2020,PIURA,20,73,0
6/7/2020,PUNO,21,2,0
6/7/2020,SAN MARTIN,22,52,0
6/7/2020,TACNA,23,3,0
6/7/2020,TUMBES,24,9,0
6/7/2020,UCAYALI,25,50,0
6/8/2020,AMAZONAS,01,44,0
6/8/2020,ANCASH,02,138,0
6/8/2020,APURIMAC,03,10,0
6/8/2020,AREQUIPA,04,103,0
6/8/2020,AYACUCHO,05,41,0
6/8/2020,CAJAMARCA,06,42,0
6/8/2020,CALLAO,07,264,0
6/8/2020,CUSCO,08,17,0
6/8/2020,HUANCAVELICA,09,13,0
6/8/2020,HUANUCO,10,43,0
6/8/2020,ICA,11,159,0
6/8/2020,JUNIN,12,71,0
6/8/2020,LA LIBERTAD,13,190,0
6/8/2020,LAMBAYEQUE,14,177,0
6/8/2020,LIMA,15,"2,398",0
6/8/2020,LORETO,15,115,0
6/8/2020,LORETO,16,42,0
6/8/2020,MADRE DE DIOS,17,54,0
6/8/2020,MOQUEGUA,18,7,0
6/8/2020,PASCO,19,21,0
6/8/2020,PIURA,20,322,0
6/8/2020,PUNO,21,18,0
6/8/2020,SAN MARTIN,22,157,0
6/8/2020,TACNA,23,12,0
6/8/2020,TUMBES,24,43,0
6/8/2020,UCAYALI,25,176,0
6/9/2020,AMAZONAS,01,60,0
6/9/2020,ANCASH,02,127,0
6/9/2020,APURIMAC,03,13,0
6/9/2020,AREQUIPA,04,126,0
6/9/2020,AYACUCHO,05,32,0
6/9/2020,CAJAMARCA,06,35,0
6/9/2020,CALLAO,07,200,0
6/9/2020,CUSCO,08,37,0
6/9/2020,HUANCAVELICA,09,16,0
6/9/2020,HUANUCO,10,33,0
6/9/2020,ICA,11,145,0
6/9/2020,JUNIN,12,45,0
6/9/2020,LA LIBERTAD,13,244,0
6/9/2020,LAMBAYEQUE,14,199,0
6/9/2020,LIMA,15,"2,618",0
6/9/2020,LORETO,15,58,0
6/9/2020,LORETO,16,54,0
6/9/2020,MADRE DE DIOS,17,36,0
6/9/2020,MOQUEGUA,18,4,0
6/9/2020,PASCO,19,26,0
6/9/2020,PIURA,20,379,0
6/9/2020,PUNO,21,23,0
6/9/2020,SAN MARTIN,22,98,0
6/9/2020,TACNA,23,16,0
6/9/2020,TUMBES,24,57,0
6/9/2020,UCAYALI,25,205,0
6/10/2020,AMAZONAS,01,47,0
6/10/2020,ANCASH,02,124,0
6/10/2020,APURIMAC,03,5,0
6/10/2020,AREQUIPA,04,143,0
6/10/2020,AYACUCHO,05,20,0
6/10/2020,CAJAMARCA,06,40,0
6/10/2020,CALLAO,07,396,0
6/10/2020,CUSCO,08,35,0
6/10/2020,HUANCAVELICA,09,17,0
6/10/2020,HUANUCO,10,36,0
6/10/2020,ICA,11,180,0
6/10/2020,JUNIN,12,89,0
6/10/2020,LA LIBERTAD,13,301,0
6/10/2020,LAMBAYEQUE,14,245,0
6/10/2020,LIMA,15,"2,675",0
6/10/2020,LORETO,15,150,0
6/10/2020,LORETO,16,55,0
6/10/2020,MADRE DE DIOS,17,61,0
6/10/2020,MOQUEGUA,18,4,0
6/10/2020,PASCO,19,28,0
6/10/2020,PIURA,20,344,0
6/10/2020,PUNO,21,31,0
6/10/2020,SAN MARTIN,22,131,0
6/10/2020,TACNA,23,5,0
6/10/2020,TUMBES,24,53,0
6/10/2020,UCAYALI,25,111,0
6/11/2020,AMAZONAS,01,34,0
6/11/2020,ANCASH,02,131,0
6/11/2020,APURIMAC,03,13,0
6/11/2020,AREQUIPA,04,96,0
6/11/2020,AYACUCHO,05,38,0
6/11/2020,CAJAMARCA,06,42,0
6/11/2020,CALLAO,07,286,0
6/11/2020,CUSCO,08,19,0
6/11/2020,HUANCAVELICA,09,17,0
6/11/2020,HUANUCO,10,82,0
6/11/2020,ICA,11,158,0
6/11/2020,JUNIN,12,83,0
6/11/2020,LA LIBERTAD,13,189,0
6/11/2020,LAMBAYEQUE,14,211,0
6/11/2020,LIMA,15,"2,411",0
6/11/2020,LORETO,15,147,0
6/11/2020,LORETO,16,15,0
6/11/2020,MADRE DE DIOS,17,27,0
6/11/2020,MOQUEGUA,18,10,0
6/11/2020,PASCO,19,17,0
6/11/2020,PIURA,20,401,0
6/11/2020,PUNO,21,8,0
6/11/2020,SAN MARTIN,22,153,0
6/11/2020,TACNA,23,12,0
6/11/2020,TUMBES,24,72,0
6/11/2020,UCAYALI,25,131,0
6/12/2020,AMAZONAS,01,45,0
6/12/2020,ANCASH,02,66,0
6/12/2020,APURIMAC,03,11,0
6/12/2020,AREQUIPA,04,80,0
6/12/2020,AYACUCHO,05,29,0
6/12/2020,CAJAMARCA,06,33,0
6/12/2020,CALLAO,07,180,0
6/12/2020,CUSCO,08,43,0
6/12/2020,HUANCAVELICA,09,11,0
6/12/2020,HUANUCO,10,16,0
6/12/2020,ICA,11,132,0
6/12/2020,JUNIN,12,25,0
6/12/2020,LA LIBERTAD,13,91,0
6/12/2020,LAMBAYEQUE,14,132,0
6/12/2020,LIMA,15,"1,641",0
6/12/2020,LORETO,15,32,0
6/12/2020,LORETO,16,12,0
6/12/2020,MADRE DE DIOS,17,24,0
6/12/2020,MOQUEGUA,18,4,0
6/12/2020,PASCO,19,7,0
6/12/2020,PIURA,20,253,0
6/12/2020,PUNO,21,3,0
6/12/2020,SAN MARTIN,22,116,0
6/12/2020,TACNA,23,11,0
6/12/2020,TUMBES,24,19,0
6/12/2020,UCAYALI,25,43,0
