"fips","date","state","cases","deaths"
"01","3/19/2020","AMAZONAS","",""
"01","3/20/2020","AMAZONAS","",""
"01","3/21/2020","AMAZONAS","",""
"01","3/23/2020","AMAZONAS","",""
"01","3/24/2020","AMAZONAS","",""
"01","3/26/2020","AMAZONAS","",""
"01","3/27/2020","AMAZONAS","",""
"01","3/28/2020","AMAZONAS","",""
"01","3/29/2020","AMAZONAS","",""
"01","3/30/2020","AMAZONAS","",""
"01","3/31/2020","AMAZONAS","",""
"01","4/1/2020","AMAZONAS","",""
"01","4/2/2020","AMAZONAS","",""
"01","4/3/2020","AMAZONAS","",""
"01","4/4/2020","AMAZONAS","",""
"01","4/5/2020","AMAZONAS","4",""
"01","4/6/2020","AMAZONAS","5",""
"01","4/7/2020","AMAZONAS","8",""
"01","4/8/2020","AMAZONAS","13",""
"01","4/9/2020","AMAZONAS","18",""
"01","4/10/2020","AMAZONAS","18",""
"01","4/11/2020","AMAZONAS","18",""
"01","4/12/2020","AMAZONAS","25",""
"01","4/13/2020","AMAZONAS","25",""
"01","4/14/2020","AMAZONAS","33",""
"01","4/15/2020","AMAZONAS","40",""
"01","4/16/2020","AMAZONAS","43",""
"01","4/17/2020","AMAZONAS","44",""
"01","4/18/2020","AMAZONAS","47",""
"01","4/19/2020","AMAZONAS","48",""
"01","4/20/2020","AMAZONAS","51",""
"01","4/21/2020","AMAZONAS","58",""
"01","4/22/2020","AMAZONAS","61",""
"01","4/23/2020","AMAZONAS","63",""
"01","4/24/2020","AMAZONAS","69",""
"01","4/25/2020","AMAZONAS","79",""
"01","4/26/2020","AMAZONAS","88",""
"01","4/27/2020","AMAZONAS","105",""
"01","4/28/2020","AMAZONAS","137",""
"01","4/29/2020","AMAZONAS","165",""
"01","4/30/2020","AMAZONAS","182",""
"01","5/1/2020","AMAZONAS","249","1"
"01","5/2/2020","AMAZONAS","299","1"
"01","5/3/2020","AMAZONAS","301","2"
"01","5/4/2020","AMAZONAS","327","3"
"01","5/5/2020","AMAZONAS","339","5"
"01","5/6/2020","AMAZONAS","350","7"
"01","5/7/2020","AMAZONAS","359","7"
"01","5/8/2020","AMAZONAS","378","7"
"01","5/9/2020","AMAZONAS","382","7"
"01","5/10/2020","AMAZONAS","382","9"
"01","5/11/2020","AMAZONAS","394","10"
"01","5/12/2020","AMAZONAS","405","10"
"01","5/13/2020","AMAZONAS","413","12"
"01","5/14/2020","AMAZONAS","416","13"
"01","5/15/2020","AMAZONAS","439","14"
"01","5/16/2020","AMAZONAS","471","16"
"01","5/17/2020","AMAZONAS","472","17"
"01","5/18/2020","AMAZONAS","490","18"
"01","5/19/2020","AMAZONAS","520","19"
"01","5/20/2020","AMAZONAS","530","20"
"01","5/21/2020","AMAZONAS","584","21"
"01","5/22/2020","AMAZONAS","609","21"
"01","5/23/2020","AMAZONAS","616","21"
"01","5/24/2020","AMAZONAS","620","21"
"01","5/25/2020","AMAZONAS","669","21"
"01","5/26/2020","AMAZONAS","690","21"
"01","5/27/2020","AMAZONAS","706","22"
"01","5/28/2020","AMAZONAS","730","24"
"01","5/29/2020","AMAZONAS","740","24"
"01","5/30/2020","AMAZONAS","752","24"
"01","5/31/2020","AMAZONAS","764","24"
"01","6/1/2020","AMAZONAS","777","25"
"01","6/2/2020","AMAZONAS","788","25"
"01","6/3/2020","AMAZONAS","815","26"
"01","6/4/2020","AMAZONAS","844","26"
"01","6/5/2020","AMAZONAS","871","26"
"01","6/6/2020","AMAZONAS","891","26"
"01","6/7/2020","AMAZONAS","897","26"
"01","6/8/2020","AMAZONAS","942","26"
"01","6/9/2020","AMAZONAS","1002","26"
"01","6/10/2020","AMAZONAS","1049","26"
"01","6/11/2020","AMAZONAS","1086","27"
"01","6/12/2020","AMAZONAS","1154","28"
"01","6/13/2020","AMAZONAS","1206","28"
"01","6/14/2020","AMAZONAS","1217","28"
"01","6/15/2020","AMAZONAS","1385","29"
"01","6/16/2020","AMAZONAS","1407","29"
"02","3/19/2020","ANCASH","4",""
"02","3/20/2020","ANCASH","4",""
"02","3/21/2020","ANCASH","4",""
"02","3/23/2020","ANCASH","4",""
"02","3/24/2020","ANCASH","5",""
"02","3/26/2020","ANCASH","6",""
"02","3/27/2020","ANCASH","6",""
"02","3/28/2020","ANCASH","6","1"
"02","3/29/2020","ANCASH","11","1"
"02","3/30/2020","ANCASH","11","1"
"02","3/31/2020","ANCASH","13","1"
"02","4/1/2020","ANCASH","13","1"
"02","4/2/2020","ANCASH","15","1"
"02","4/3/2020","ANCASH","16","1"
"02","4/4/2020","ANCASH","25","1"
"02","4/5/2020","ANCASH","32","2"
"02","4/6/2020","ANCASH","45","2"
"02","4/7/2020","ANCASH","71","5"
"02","4/8/2020","ANCASH","81","7"
"02","4/9/2020","ANCASH","94","7"
"02","4/10/2020","ANCASH","110","7"
"02","4/11/2020","ANCASH","136","7"
"02","4/12/2020","ANCASH","143","8"
"02","4/13/2020","ANCASH","163","9"
"02","4/14/2020","ANCASH","191","12"
"02","4/15/2020","ANCASH","234","15"
"02","4/16/2020","ANCASH","272","18"
"02","4/17/2020","ANCASH","298","19"
"02","4/18/2020","ANCASH","355","23"
"02","4/19/2020","ANCASH","364","30"
"02","4/20/2020","ANCASH","399","34"
"02","4/21/2020","ANCASH","444","35"
"02","4/22/2020","ANCASH","474","36"
"02","4/23/2020","ANCASH","522","43"
"02","4/24/2020","ANCASH","580","49"
"02","4/25/2020","ANCASH","661","53"
"02","4/26/2020","ANCASH","674","57"
"02","4/27/2020","ANCASH","721","70"
"02","4/28/2020","ANCASH","822","71"
"02","4/29/2020","ANCASH","902","75"
"02","4/30/2020","ANCASH","1010","82"
"02","5/1/2020","ANCASH","1074","86"
"02","5/2/2020","ANCASH","1194","93"
"02","5/3/2020","ANCASH","1221","98"
"02","5/4/2020","ANCASH","1330","101"
"02","5/5/2020","ANCASH","1454","106"
"02","5/6/2020","ANCASH","1528","119"
"02","5/7/2020","ANCASH","1606","127"
"02","5/8/2020","ANCASH","1659","136"
"02","5/9/2020","ANCASH","1728","142"
"02","5/10/2020","ANCASH","1739","146"
"02","5/11/2020","ANCASH","1860","151"
"02","5/12/2020","ANCASH","1961","159"
"02","5/13/2020","ANCASH","2113","167"
"02","5/14/2020","ANCASH","2292","171"
"02","5/15/2020","ANCASH","2458","175"
"02","5/16/2020","ANCASH","2561","181"
"02","5/17/2020","ANCASH","2610","187"
"02","5/18/2020","ANCASH","2707","195"
"02","5/19/2020","ANCASH","2988","198"
"02","5/20/2020","ANCASH","3112","199"
"02","5/21/2020","ANCASH","3246","204"
"02","5/22/2020","ANCASH","3426","206"
"02","5/23/2020","ANCASH","3566","212"
"02","5/24/2020","ANCASH","3618","222"
"02","5/25/2020","ANCASH","3797","222"
"02","5/26/2020","ANCASH","3984","222"
"02","5/27/2020","ANCASH","4209","226"
"02","5/28/2020","ANCASH","4451","237"
"02","5/29/2020","ANCASH","4625","247"
"02","5/30/2020","ANCASH","4771","252"
"02","5/31/2020","ANCASH","4805","255"
"02","6/1/2020","ANCASH","4942","262"
"02","6/2/2020","ANCASH","5081","271"
"02","6/3/2020","ANCASH","5200","277"
"02","6/4/2020","ANCASH","5313","285"
"02","6/5/2020","ANCASH","5396","290"
"02","6/6/2020","ANCASH","5508","297"
"02","6/7/2020","ANCASH","5611","303"
"02","6/8/2020","ANCASH","5753","312"
"02","6/9/2020","ANCASH","5880","320"
"02","6/10/2020","ANCASH","6014","325"
"02","6/11/2020","ANCASH","6148","332"
"02","6/12/2020","ANCASH","6267","343"
"02","6/13/2020","ANCASH","6412","356"
"02","6/14/2020","ANCASH","6501","363"
"02","6/15/2020","ANCASH","6604","372"
"02","6/16/2020","ANCASH","6647","379"
"03","3/19/2020","APURIMAC","",""
"03","3/20/2020","APURIMAC","",""
"03","3/21/2020","APURIMAC","",""
"03","3/23/2020","APURIMAC","",""
"03","3/24/2020","APURIMAC","",""
"03","3/26/2020","APURIMAC","",""
"03","3/27/2020","APURIMAC","",""
"03","3/28/2020","APURIMAC","",""
"03","3/29/2020","APURIMAC","",""
"03","3/30/2020","APURIMAC","",""
"03","3/31/2020","APURIMAC","",""
"03","4/1/2020","APURIMAC","1",""
"03","4/2/2020","APURIMAC","1",""
"03","4/3/2020","APURIMAC","1",""
"03","4/4/2020","APURIMAC","1",""
"03","4/5/2020","APURIMAC","1",""
"03","4/6/2020","APURIMAC","1",""
"03","4/7/2020","APURIMAC","1",""
"03","4/8/2020","APURIMAC","1",""
"03","4/9/2020","APURIMAC","4",""
"03","4/10/2020","APURIMAC","4",""
"03","4/11/2020","APURIMAC","6",""
"03","4/12/2020","APURIMAC","6",""
"03","4/13/2020","APURIMAC","10",""
"03","4/14/2020","APURIMAC","20",""
"03","4/15/2020","APURIMAC","23",""
"03","4/16/2020","APURIMAC","27",""
"03","4/17/2020","APURIMAC","32",""
"03","4/18/2020","APURIMAC","36",""
"03","4/19/2020","APURIMAC","36",""
"03","4/20/2020","APURIMAC","37",""
"03","4/21/2020","APURIMAC","44",""
"03","4/22/2020","APURIMAC","47",""
"03","4/23/2020","APURIMAC","50",""
"03","4/24/2020","APURIMAC","52",""
"03","4/25/2020","APURIMAC","61",""
"03","4/26/2020","APURIMAC","66",""
"03","4/27/2020","APURIMAC","75",""
"03","4/28/2020","APURIMAC","85",""
"03","4/29/2020","APURIMAC","98",""
"03","4/30/2020","APURIMAC","133",""
"03","5/1/2020","APURIMAC","133",""
"03","5/2/2020","APURIMAC","137",""
"03","5/3/2020","APURIMAC","137",""
"03","5/4/2020","APURIMAC","143",""
"03","5/5/2020","APURIMAC","145",""
"03","5/6/2020","APURIMAC","146",""
"03","5/7/2020","APURIMAC","146",""
"03","5/8/2020","APURIMAC","146",""
"03","5/9/2020","APURIMAC","147",""
"03","5/10/2020","APURIMAC","147",""
"03","5/11/2020","APURIMAC","150",""
"03","5/12/2020","APURIMAC","155",""
"03","5/13/2020","APURIMAC","157",""
"03","5/14/2020","APURIMAC","159",""
"03","5/15/2020","APURIMAC","162",""
"03","5/16/2020","APURIMAC","162",""
"03","5/17/2020","APURIMAC","164",""
"03","5/18/2020","APURIMAC","167",""
"03","5/19/2020","APURIMAC","169",""
"03","5/20/2020","APURIMAC","169",""
"03","5/21/2020","APURIMAC","174",""
"03","5/22/2020","APURIMAC","188",""
"03","5/23/2020","APURIMAC","197",""
"03","5/24/2020","APURIMAC","197",""
"03","5/25/2020","APURIMAC","219",""
"03","5/26/2020","APURIMAC","221",""
"03","5/27/2020","APURIMAC","229",""
"03","5/28/2020","APURIMAC","238","1"
"03","5/29/2020","APURIMAC","246","3"
"03","5/30/2020","APURIMAC","255","3"
"03","5/31/2020","APURIMAC","258","3"
"03","6/1/2020","APURIMAC","263","3"
"03","6/2/2020","APURIMAC","276","3"
"03","6/3/2020","APURIMAC","287","3"
"03","6/4/2020","APURIMAC","304","4"
"03","6/5/2020","APURIMAC","315","4"
"03","6/6/2020","APURIMAC","328","4"
"03","6/7/2020","APURIMAC","333","5"
"03","6/8/2020","APURIMAC","343","7"
"03","6/9/2020","APURIMAC","356","7"
"03","6/10/2020","APURIMAC","361","7"
"03","6/11/2020","APURIMAC","374","7"
"03","6/12/2020","APURIMAC","387","7"
"03","6/13/2020","APURIMAC","390","8"
"03","6/14/2020","APURIMAC","391","9"
"03","6/15/2020","APURIMAC","392","9"
"03","6/16/2020","APURIMAC","393","10"
"04","3/19/2020","AREQUIPA","3",""
"04","3/20/2020","AREQUIPA","4",""
"04","3/21/2020","AREQUIPA","4",""
"04","3/23/2020","AREQUIPA","9",""
"04","3/24/2020","AREQUIPA","10",""
"04","3/26/2020","AREQUIPA","15",""
"04","3/27/2020","AREQUIPA","15",""
"04","3/28/2020","AREQUIPA","15",""
"04","3/29/2020","AREQUIPA","21","1"
"04","3/30/2020","AREQUIPA","26","1"
"04","3/31/2020","AREQUIPA","30","2"
"04","4/1/2020","AREQUIPA","30","2"
"04","4/2/2020","AREQUIPA","37","2"
"04","4/3/2020","AREQUIPA","37","2"
"04","4/4/2020","AREQUIPA","51","7"
"04","4/5/2020","AREQUIPA","60","7"
"04","4/6/2020","AREQUIPA","67","7"
"04","4/7/2020","AREQUIPA","71","7"
"04","4/8/2020","AREQUIPA","76","7"
"04","4/9/2020","AREQUIPA","82","7"
"04","4/10/2020","AREQUIPA","84","7"
"04","4/11/2020","AREQUIPA","96","7"
"04","4/12/2020","AREQUIPA","111","8"
"04","4/13/2020","AREQUIPA","123","9"
"04","4/14/2020","AREQUIPA","136","9"
"04","4/15/2020","AREQUIPA","163","10"
"04","4/16/2020","AREQUIPA","204","11"
"04","4/17/2020","AREQUIPA","216","11"
"04","4/18/2020","AREQUIPA","249","11"
"04","4/19/2020","AREQUIPA","252","14"
"04","4/20/2020","AREQUIPA","280","15"
"04","4/21/2020","AREQUIPA","308","15"
"04","4/22/2020","AREQUIPA","351","15"
"04","4/23/2020","AREQUIPA","407","16"
"04","4/24/2020","AREQUIPA","473","16"
"04","4/25/2020","AREQUIPA","497","18"
"04","4/26/2020","AREQUIPA","501","18"
"04","4/27/2020","AREQUIPA","577","18"
"04","4/28/2020","AREQUIPA","653","18"
"04","4/29/2020","AREQUIPA","764","18"
"04","4/30/2020","AREQUIPA","833","18"
"04","5/1/2020","AREQUIPA","871","19"
"04","5/2/2020","AREQUIPA","902","20"
"04","5/3/2020","AREQUIPA","909","20"
"04","5/4/2020","AREQUIPA","969","20"
"04","5/5/2020","AREQUIPA","1026","20"
"04","5/6/2020","AREQUIPA","1082","20"
"04","5/7/2020","AREQUIPA","1129","23"
"04","5/8/2020","AREQUIPA","1168","23"
"04","5/9/2020","AREQUIPA","1227","23"
"04","5/10/2020","AREQUIPA","1252","24"
"04","5/11/2020","AREQUIPA","1303","25"
"04","5/12/2020","AREQUIPA","1407","25"
"04","5/13/2020","AREQUIPA","1519","25"
"04","5/14/2020","AREQUIPA","1640","25"
"04","5/15/2020","AREQUIPA","1736","25"
"04","5/16/2020","AREQUIPA","1821","25"
"04","5/17/2020","AREQUIPA","1829","25"
"04","5/18/2020","AREQUIPA","1915","28"
"04","5/19/2020","AREQUIPA","2037","28"
"04","5/20/2020","AREQUIPA","2193","28"
"04","5/21/2020","AREQUIPA","2337","28"
"04","5/22/2020","AREQUIPA","2534","28"
"04","5/23/2020","AREQUIPA","2680","28"
"04","5/24/2020","AREQUIPA","2715","28"
"04","5/25/2020","AREQUIPA","2907","28"
"04","5/26/2020","AREQUIPA","3036","28"
"04","5/27/2020","AREQUIPA","3222","31"
"04","5/28/2020","AREQUIPA","3408","33"
"04","5/29/2020","AREQUIPA","3580","39"
"04","5/30/2020","AREQUIPA","3676","44"
"04","5/31/2020","AREQUIPA","3696","49"
"04","6/1/2020","AREQUIPA","3757","50"
"04","6/2/2020","AREQUIPA","3856","51"
"04","6/3/2020","AREQUIPA","3911","56"
"04","6/4/2020","AREQUIPA","3962","59"
"04","6/5/2020","AREQUIPA","4080","60"
"04","6/6/2020","AREQUIPA","4218","60"
"04","6/7/2020","AREQUIPA","4252","65"
"04","6/8/2020","AREQUIPA","4355","71"
"04","6/9/2020","AREQUIPA","4481","81"
"04","6/10/2020","AREQUIPA","4625","85"
"04","6/11/2020","AREQUIPA","4725","95"
"04","6/12/2020","AREQUIPA","4844","106"
"04","6/13/2020","AREQUIPA","5010","109"
"04","6/14/2020","AREQUIPA","5028","115"
"04","6/15/2020","AREQUIPA","5109","121"
"04","6/16/2020","AREQUIPA","5133","134"
"05","3/19/2020","AYACUCHO","",""
"05","3/20/2020","AYACUCHO","",""
"05","3/21/2020","AYACUCHO","",""
"05","3/23/2020","AYACUCHO","",""
"05","3/24/2020","AYACUCHO","",""
"05","3/26/2020","AYACUCHO","",""
"05","3/27/2020","AYACUCHO","",""
"05","3/28/2020","AYACUCHO","1",""
"05","3/29/2020","AYACUCHO","1",""
"05","3/30/2020","AYACUCHO","1",""
"05","3/31/2020","AYACUCHO","1",""
"05","4/1/2020","AYACUCHO","1",""
"05","4/2/2020","AYACUCHO","1",""
"05","4/3/2020","AYACUCHO","1",""
"05","4/4/2020","AYACUCHO","3",""
"05","4/5/2020","AYACUCHO","5",""
"05","4/6/2020","AYACUCHO","5",""
"05","4/7/2020","AYACUCHO","5",""
"05","4/8/2020","AYACUCHO","8",""
"05","4/9/2020","AYACUCHO","10",""
"05","4/10/2020","AYACUCHO","12",""
"05","4/11/2020","AYACUCHO","12",""
"05","4/12/2020","AYACUCHO","12",""
"05","4/13/2020","AYACUCHO","17",""
"05","4/14/2020","AYACUCHO","22",""
"05","4/15/2020","AYACUCHO","26",""
"05","4/16/2020","AYACUCHO","27",""
"05","4/17/2020","AYACUCHO","31",""
"05","4/18/2020","AYACUCHO","31",""
"05","4/19/2020","AYACUCHO","34",""
"05","4/20/2020","AYACUCHO","37",""
"05","4/21/2020","AYACUCHO","38",""
"05","4/22/2020","AYACUCHO","40",""
"05","4/23/2020","AYACUCHO","42",""
"05","4/24/2020","AYACUCHO","47",""
"05","4/25/2020","AYACUCHO","54",""
"05","4/26/2020","AYACUCHO","67",""
"05","4/27/2020","AYACUCHO","85",""
"05","4/28/2020","AYACUCHO","98",""
"05","4/29/2020","AYACUCHO","130",""
"05","4/30/2020","AYACUCHO","148",""
"05","5/1/2020","AYACUCHO","162",""
"05","5/2/2020","AYACUCHO","179",""
"05","5/3/2020","AYACUCHO","182","1"
"05","5/4/2020","AYACUCHO","209","2"
"05","5/5/2020","AYACUCHO","226","2"
"05","5/6/2020","AYACUCHO","249","2"
"05","5/7/2020","AYACUCHO","264","3"
"05","5/8/2020","AYACUCHO","288","3"
"05","5/9/2020","AYACUCHO","298","3"
"05","5/10/2020","AYACUCHO","300","3"
"05","5/11/2020","AYACUCHO","315","3"
"05","5/12/2020","AYACUCHO","333","3"
"05","5/13/2020","AYACUCHO","352","3"
"05","5/14/2020","AYACUCHO","365","4"
"05","5/15/2020","AYACUCHO","414","5"
"05","5/16/2020","AYACUCHO","453","5"
"05","5/17/2020","AYACUCHO","462","5"
"05","5/18/2020","AYACUCHO","477","5"
"05","5/19/2020","AYACUCHO","494","5"
"05","5/20/2020","AYACUCHO","511","6"
"05","5/21/2020","AYACUCHO","530","6"
"05","5/22/2020","AYACUCHO","570","6"
"05","5/23/2020","AYACUCHO","604","6"
"05","5/24/2020","AYACUCHO","610","6"
"05","5/25/2020","AYACUCHO","635","6"
"05","5/26/2020","AYACUCHO","658","6"
"05","5/27/2020","AYACUCHO","710","6"
"05","5/28/2020","AYACUCHO","738","6"
"05","5/29/2020","AYACUCHO","754","7"
"05","5/30/2020","AYACUCHO","796","7"
"05","5/31/2020","AYACUCHO","800","7"
"05","6/1/2020","AYACUCHO","832","7"
"05","6/2/2020","AYACUCHO","859","7"
"05","6/3/2020","AYACUCHO","877","7"
"05","6/4/2020","AYACUCHO","917","8"
"05","6/5/2020","AYACUCHO","935","8"
"05","6/6/2020","AYACUCHO","964","8"
"05","6/7/2020","AYACUCHO","974","8"
"05","6/8/2020","AYACUCHO","1015","8"
"05","6/9/2020","AYACUCHO","1047","8"
"05","6/10/2020","AYACUCHO","1067","10"
"05","6/11/2020","AYACUCHO","1105","10"
"05","6/12/2020","AYACUCHO","1142","10"
"05","6/13/2020","AYACUCHO","1202","10"
"05","6/14/2020","AYACUCHO","1210","10"
"05","6/15/2020","AYACUCHO","1270","10"
"05","6/16/2020","AYACUCHO","1296","10"
"06","3/19/2020","CAJAMARCA","",""
"06","3/20/2020","CAJAMARCA","",""
"06","3/21/2020","CAJAMARCA","",""
"06","3/23/2020","CAJAMARCA","",""
"06","3/24/2020","CAJAMARCA","1",""
"06","3/26/2020","CAJAMARCA","1",""
"06","3/27/2020","CAJAMARCA","1",""
"06","3/28/2020","CAJAMARCA","1",""
"06","3/29/2020","CAJAMARCA","1",""
"06","3/30/2020","CAJAMARCA","1",""
"06","3/31/2020","CAJAMARCA","1",""
"06","4/1/2020","CAJAMARCA","2",""
"06","4/2/2020","CAJAMARCA","3",""
"06","4/3/2020","CAJAMARCA","5",""
"06","4/4/2020","CAJAMARCA","5",""
"06","4/5/2020","CAJAMARCA","5",""
"06","4/6/2020","CAJAMARCA","5",""
"06","4/7/2020","CAJAMARCA","8",""
"06","4/8/2020","CAJAMARCA","11",""
"06","4/9/2020","CAJAMARCA","17",""
"06","4/10/2020","CAJAMARCA","17",""
"06","4/11/2020","CAJAMARCA","18",""
"06","4/12/2020","CAJAMARCA","19",""
"06","4/13/2020","CAJAMARCA","23","1"
"06","4/14/2020","CAJAMARCA","30","1"
"06","4/15/2020","CAJAMARCA","40","1"
"06","4/16/2020","CAJAMARCA","45","2"
"06","4/17/2020","CAJAMARCA","55","2"
"06","4/18/2020","CAJAMARCA","62","2"
"06","4/19/2020","CAJAMARCA","64","2"
"06","4/20/2020","CAJAMARCA","75","2"
"06","4/21/2020","CAJAMARCA","84","2"
"06","4/22/2020","CAJAMARCA","119","2"
"06","4/23/2020","CAJAMARCA","127","2"
"06","4/24/2020","CAJAMARCA","149","2"
"06","4/25/2020","CAJAMARCA","165","2"
"06","4/26/2020","CAJAMARCA","168","2"
"06","4/27/2020","CAJAMARCA","178","3"
"06","4/28/2020","CAJAMARCA","192","3"
"06","4/29/2020","CAJAMARCA","221","3"
"06","4/30/2020","CAJAMARCA","268","3"
"06","5/1/2020","CAJAMARCA","287","3"
"06","5/2/2020","CAJAMARCA","316","3"
"06","5/3/2020","CAJAMARCA","329","3"
"06","5/4/2020","CAJAMARCA","343","3"
"06","5/5/2020","CAJAMARCA","357","3"
"06","5/6/2020","CAJAMARCA","367","3"
"06","5/7/2020","CAJAMARCA","375","3"
"06","5/8/2020","CAJAMARCA","386","3"
"06","5/9/2020","CAJAMARCA","392","3"
"06","5/10/2020","CAJAMARCA","394","3"
"06","5/11/2020","CAJAMARCA","407","3"
"06","5/12/2020","CAJAMARCA","429","3"
"06","5/13/2020","CAJAMARCA","432","3"
"06","5/14/2020","CAJAMARCA","444","3"
"06","5/15/2020","CAJAMARCA","464","3"
"06","5/16/2020","CAJAMARCA","477","3"
"06","5/17/2020","CAJAMARCA","479","3"
"06","5/18/2020","CAJAMARCA","497","3"
"06","5/19/2020","CAJAMARCA","525","3"
"06","5/20/2020","CAJAMARCA","549","3"
"06","5/21/2020","CAJAMARCA","568","3"
"06","5/22/2020","CAJAMARCA","597","3"
"06","5/23/2020","CAJAMARCA","638","3"
"06","5/24/2020","CAJAMARCA","645","3"
"06","5/25/2020","CAJAMARCA","676","3"
"06","5/26/2020","CAJAMARCA","707","3"
"06","5/27/2020","CAJAMARCA","726","3"
"06","5/28/2020","CAJAMARCA","758","4"
"06","5/29/2020","CAJAMARCA","778","5"
"06","5/30/2020","CAJAMARCA","793","5"
"06","5/31/2020","CAJAMARCA","798","6"
"06","6/1/2020","CAJAMARCA","829","7"
"06","6/2/2020","CAJAMARCA","848","7"
"06","6/3/2020","CAJAMARCA","878","8"
"06","6/4/2020","CAJAMARCA","899","9"
"06","6/5/2020","CAJAMARCA","951","9"
"06","6/6/2020","CAJAMARCA","994","10"
"06","6/7/2020","CAJAMARCA","1007","11"
"06","6/8/2020","CAJAMARCA","1050","11"
"06","6/9/2020","CAJAMARCA","1094","13"
"06","6/10/2020","CAJAMARCA","1141","13"
"06","6/11/2020","CAJAMARCA","1191","14"
"06","6/12/2020","CAJAMARCA","1255","16"
"06","6/13/2020","CAJAMARCA","1307","16"
"06","6/14/2020","CAJAMARCA","1330","16"
"06","6/15/2020","CAJAMARCA","1370","17"
"06","6/16/2020","CAJAMARCA","1378","18"
"07","3/19/2020","CALLAO","5",""
"07","3/20/2020","CALLAO","6",""
"07","3/21/2020","CALLAO","6",""
"07","3/23/2020","CALLAO","8",""
"07","3/24/2020","CALLAO","10",""
"07","3/26/2020","CALLAO","17",""
"07","3/27/2020","CALLAO","18",""
"07","3/28/2020","CALLAO","23",""
"07","3/29/2020","CALLAO","33",""
"07","3/30/2020","CALLAO","34",""
"07","3/31/2020","CALLAO","46","2"
"07","4/1/2020","CALLAO","68","5"
"07","4/2/2020","CALLAO","74","7"
"07","4/3/2020","CALLAO","88","8"
"07","4/4/2020","CALLAO","262","10"
"07","4/5/2020","CALLAO","310","11"
"07","4/6/2020","CALLAO","376","15"
"07","4/7/2020","CALLAO","427","16"
"07","4/8/2020","CALLAO","554","17"
"07","4/9/2020","CALLAO","602","20"
"07","4/10/2020","CALLAO","690","24"
"07","4/11/2020","CALLAO","996","26"
"07","4/12/2020","CALLAO","1034","29"
"07","4/13/2020","CALLAO","1345","34"
"07","4/14/2020","CALLAO","1428","38"
"07","4/15/2020","CALLAO","1527","39"
"07","4/16/2020","CALLAO","1627","43"
"07","4/17/2020","CALLAO","1743","47"
"07","4/18/2020","CALLAO","1850","54"
"07","4/19/2020","CALLAO","1928","56"
"07","4/20/2020","CALLAO","2302","61"
"07","4/21/2020","CALLAO","2734","71"
"07","4/22/2020","CALLAO","2857","76"
"07","4/23/2020","CALLAO","3016","84"
"07","4/24/2020","CALLAO","3140","89"
"07","4/25/2020","CALLAO","3311","95"
"07","4/26/2020","CALLAO","3378","100"
"07","4/27/2020","CALLAO","3608","108"
"07","4/28/2020","CALLAO","3808","112"
"07","4/29/2020","CALLAO","3997","120"
"07","4/30/2020","CALLAO","4252","124"
"07","5/1/2020","CALLAO","4367","128"
"07","5/2/2020","CALLAO","4581","136"
"07","5/3/2020","CALLAO","4676","144"
"07","5/4/2020","CALLAO","4877","154"
"07","5/5/2020","CALLAO","5147","163"
"07","5/6/2020","CALLAO","5400","174"
"07","5/7/2020","CALLAO","5729","181"
"07","5/8/2020","CALLAO","5953","190"
"07","5/9/2020","CALLAO","6138","196"
"07","5/10/2020","CALLAO","6180","204"
"07","5/11/2020","CALLAO","6392","210"
"07","5/12/2020","CALLAO","6708","223"
"07","5/13/2020","CALLAO","7059","224"
"07","5/14/2020","CALLAO","7384","228"
"07","5/15/2020","CALLAO","7694","233"
"07","5/16/2020","CALLAO","7909","235"
"07","5/17/2020","CALLAO","8017","242"
"07","5/18/2020","CALLAO","8253","250"
"07","5/19/2020","CALLAO","8635","251"
"07","5/20/2020","CALLAO","8984","258"
"07","5/21/2020","CALLAO","9366","261"
"07","5/22/2020","CALLAO","9794","270"
"07","5/23/2020","CALLAO","10140","276"
"07","5/24/2020","CALLAO","10212","276"
"07","5/25/2020","CALLAO","10621","277"
"07","5/26/2020","CALLAO","11117","277"
"07","5/27/2020","CALLAO","11628","285"
"07","5/28/2020","CALLAO","12138","294"
"07","5/29/2020","CALLAO","12496","308"
"07","5/30/2020","CALLAO","12746","317"
"07","5/31/2020","CALLAO","12888","325"
"07","6/1/2020","CALLAO","13075","334"
"07","6/2/2020","CALLAO","13262","342"
"07","6/3/2020","CALLAO","13416","356"
"07","6/4/2020","CALLAO","13629","365"
"07","6/5/2020","CALLAO","13868","374"
"07","6/6/2020","CALLAO","14134","385"
"07","6/7/2020","CALLAO","14232","387"
"07","6/8/2020","CALLAO","14503","397"
"07","6/9/2020","CALLAO","14716","406"
"07","6/10/2020","CALLAO","15134","414"
"07","6/11/2020","CALLAO","15451","430"
"07","6/12/2020","CALLAO","15740","435"
"07","6/13/2020","CALLAO","15933","448"
"07","6/14/2020","CALLAO","16080","460"
"07","6/15/2020","CALLAO","16176","473"
"07","6/16/2020","CALLAO","16218","494"
"08","3/19/2020","CUSCO","4",""
"08","3/20/2020","CUSCO","4",""
"08","3/21/2020","CUSCO","4",""
"08","3/23/2020","CUSCO","6",""
"08","3/24/2020","CUSCO","10","1"
"08","3/26/2020","CUSCO","10","1"
"08","3/27/2020","CUSCO","11","2"
"08","3/28/2020","CUSCO","17","2"
"08","3/29/2020","CUSCO","25","2"
"08","3/30/2020","CUSCO","26","2"
"08","3/31/2020","CUSCO","34","2"
"08","4/1/2020","CUSCO","38","2"
"08","4/2/2020","CUSCO","45","3"
"08","4/3/2020","CUSCO","49","3"
"08","4/4/2020","CUSCO","60","3"
"08","4/5/2020","CUSCO","62","3"
"08","4/6/2020","CUSCO","63","3"
"08","4/7/2020","CUSCO","63","3"
"08","4/8/2020","CUSCO","66","3"
"08","4/9/2020","CUSCO","68","3"
"08","4/10/2020","CUSCO","71","3"
"08","4/11/2020","CUSCO","114","3"
"08","4/12/2020","CUSCO","114","3"
"08","4/13/2020","CUSCO","115","3"
"08","4/14/2020","CUSCO","118","3"
"08","4/15/2020","CUSCO","119","3"
"08","4/16/2020","CUSCO","127","3"
"08","4/17/2020","CUSCO","134","3"
"08","4/18/2020","CUSCO","145","3"
"08","4/19/2020","CUSCO","145","3"
"08","4/20/2020","CUSCO","160","3"
"08","4/21/2020","CUSCO","167","3"
"08","4/22/2020","CUSCO","186","3"
"08","4/23/2020","CUSCO","200","3"
"08","4/24/2020","CUSCO","203","3"
"08","4/25/2020","CUSCO","214","3"
"08","4/26/2020","CUSCO","215","3"
"08","4/27/2020","CUSCO","229","3"
"08","4/28/2020","CUSCO","252","3"
"08","4/29/2020","CUSCO","274","3"
"08","4/30/2020","CUSCO","291","3"
"08","5/1/2020","CUSCO","297","3"
"08","5/2/2020","CUSCO","308","3"
"08","5/3/2020","CUSCO","310","3"
"08","5/4/2020","CUSCO","317","3"
"08","5/5/2020","CUSCO","341","3"
"08","5/6/2020","CUSCO","391","3"
"08","5/7/2020","CUSCO","439","3"
"08","5/8/2020","CUSCO","487","3"
"08","5/9/2020","CUSCO","498","3"
"08","5/10/2020","CUSCO","500","3"
"08","5/11/2020","CUSCO","556","3"
"08","5/12/2020","CUSCO","589","3"
"08","5/13/2020","CUSCO","636","3"
"08","5/14/2020","CUSCO","667","3"
"08","5/15/2020","CUSCO","673","3"
"08","5/16/2020","CUSCO","683","3"
"08","5/17/2020","CUSCO","683","3"
"08","5/18/2020","CUSCO","689","3"
"08","5/19/2020","CUSCO","728","3"
"08","5/20/2020","CUSCO","759","3"
"08","5/21/2020","CUSCO","798","3"
"08","5/22/2020","CUSCO","841","3"
"08","5/23/2020","CUSCO","873","3"
"08","5/24/2020","CUSCO","879","3"
"08","5/25/2020","CUSCO","930","3"
"08","5/26/2020","CUSCO","960","3"
"08","5/27/2020","CUSCO","997","3"
"08","5/28/2020","CUSCO","1043","3"
"08","5/29/2020","CUSCO","1100","3"
"08","5/30/2020","CUSCO","1119","3"
"08","5/31/2020","CUSCO","1120","3"
"08","6/1/2020","CUSCO","1142","3"
"08","6/2/2020","CUSCO","1165","3"
"08","6/3/2020","CUSCO","1176","4"
"08","6/4/2020","CUSCO","1190","4"
"08","6/5/2020","CUSCO","1208","4"
"08","6/6/2020","CUSCO","1248","4"
"08","6/7/2020","CUSCO","1268","5"
"08","6/8/2020","CUSCO","1285","5"
"08","6/9/2020","CUSCO","1322","5"
"08","6/10/2020","CUSCO","1357","5"
"08","6/11/2020","CUSCO","1376","6"
"08","6/12/2020","CUSCO","1424","7"
"08","6/13/2020","CUSCO","1442","9"
"08","6/14/2020","CUSCO","1451","10"
"08","6/15/2020","CUSCO","1464","11"
"08","6/16/2020","CUSCO","1469","11"
"09","3/19/2020","HUANCAVELICA","",""
"09","3/20/2020","HUANCAVELICA","",""
"09","3/21/2020","HUANCAVELICA","",""
"09","3/23/2020","HUANCAVELICA","",""
"09","3/24/2020","HUANCAVELICA","",""
"09","3/26/2020","HUANCAVELICA","",""
"09","3/27/2020","HUANCAVELICA","",""
"09","3/28/2020","HUANCAVELICA","",""
"09","3/29/2020","HUANCAVELICA","",""
"09","3/30/2020","HUANCAVELICA","",""
"09","3/31/2020","HUANCAVELICA","1",""
"09","4/1/2020","HUANCAVELICA","1",""
"09","4/2/2020","HUANCAVELICA","1",""
"09","4/3/2020","HUANCAVELICA","2",""
"09","4/4/2020","HUANCAVELICA","2",""
"09","4/5/2020","HUANCAVELICA","3",""
"09","4/6/2020","HUANCAVELICA","8",""
"09","4/7/2020","HUANCAVELICA","9",""
"09","4/8/2020","HUANCAVELICA","9",""
"09","4/9/2020","HUANCAVELICA","9",""
"09","4/10/2020","HUANCAVELICA","9",""
"09","4/11/2020","HUANCAVELICA","11",""
"09","4/12/2020","HUANCAVELICA","13",""
"09","4/13/2020","HUANCAVELICA","14",""
"09","4/14/2020","HUANCAVELICA","15",""
"09","4/15/2020","HUANCAVELICA","19",""
"09","4/16/2020","HUANCAVELICA","25",""
"09","4/17/2020","HUANCAVELICA","26",""
"09","4/18/2020","HUANCAVELICA","26",""
"09","4/19/2020","HUANCAVELICA","28",""
"09","4/20/2020","HUANCAVELICA","31",""
"09","4/21/2020","HUANCAVELICA","32",""
"09","4/22/2020","HUANCAVELICA","36",""
"09","4/23/2020","HUANCAVELICA","39",""
"09","4/24/2020","HUANCAVELICA","42",""
"09","4/25/2020","HUANCAVELICA","56",""
"09","4/26/2020","HUANCAVELICA","67",""
"09","4/27/2020","HUANCAVELICA","85",""
"09","4/28/2020","HUANCAVELICA","98",""
"09","4/29/2020","HUANCAVELICA","118",""
"09","4/30/2020","HUANCAVELICA","126",""
"09","5/1/2020","HUANCAVELICA","190",""
"09","5/2/2020","HUANCAVELICA","229",""
"09","5/3/2020","HUANCAVELICA","254",""
"09","5/4/2020","HUANCAVELICA","261",""
"09","5/5/2020","HUANCAVELICA","297",""
"09","5/6/2020","HUANCAVELICA","300",""
"09","5/7/2020","HUANCAVELICA","305",""
"09","5/8/2020","HUANCAVELICA","318",""
"09","5/9/2020","HUANCAVELICA","323",""
"09","5/10/2020","HUANCAVELICA","324",""
"09","5/11/2020","HUANCAVELICA","325",""
"09","5/12/2020","HUANCAVELICA","326",""
"09","5/13/2020","HUANCAVELICA","331",""
"09","5/14/2020","HUANCAVELICA","343",""
"09","5/15/2020","HUANCAVELICA","349",""
"09","5/16/2020","HUANCAVELICA","354",""
"09","5/17/2020","HUANCAVELICA","363",""
"09","5/18/2020","HUANCAVELICA","369",""
"09","5/19/2020","HUANCAVELICA","385",""
"09","5/20/2020","HUANCAVELICA","395",""
"09","5/21/2020","HUANCAVELICA","412",""
"09","5/22/2020","HUANCAVELICA","436",""
"09","5/23/2020","HUANCAVELICA","442",""
"09","5/24/2020","HUANCAVELICA","449",""
"09","5/25/2020","HUANCAVELICA","461",""
"09","5/26/2020","HUANCAVELICA","470",""
"09","5/27/2020","HUANCAVELICA","484",""
"09","5/28/2020","HUANCAVELICA","494",""
"09","5/29/2020","HUANCAVELICA","505",""
"09","5/30/2020","HUANCAVELICA","516",""
"09","5/31/2020","HUANCAVELICA","519",""
"09","6/1/2020","HUANCAVELICA","532",""
"09","6/2/2020","HUANCAVELICA","537",""
"09","6/3/2020","HUANCAVELICA","566","1"
"09","6/4/2020","HUANCAVELICA","580","1"
"09","6/5/2020","HUANCAVELICA","587","1"
"09","6/6/2020","HUANCAVELICA","598","3"
"09","6/7/2020","HUANCAVELICA","611","3"
"09","6/8/2020","HUANCAVELICA","624","4"
"09","6/9/2020","HUANCAVELICA","640","4"
"09","6/10/2020","HUANCAVELICA","657","4"
"09","6/11/2020","HUANCAVELICA","674","4"
"09","6/12/2020","HUANCAVELICA","687","4"
"09","6/13/2020","HUANCAVELICA","699","5"
"09","6/14/2020","HUANCAVELICA","705","5"
"09","6/15/2020","HUANCAVELICA","719","6"
"09","6/16/2020","HUANCAVELICA","721","8"
"10","3/19/2020","HUANUCO","2",""
"10","3/20/2020","HUANUCO","2",""
"10","3/21/2020","HUANUCO","2",""
"10","3/23/2020","HUANUCO","2",""
"10","3/24/2020","HUANUCO","2",""
"10","3/26/2020","HUANUCO","4",""
"10","3/27/2020","HUANUCO","4",""
"10","3/28/2020","HUANUCO","4",""
"10","3/29/2020","HUANUCO","4",""
"10","3/30/2020","HUANUCO","6",""
"10","3/31/2020","HUANUCO","6",""
"10","4/1/2020","HUANUCO","6",""
"10","4/2/2020","HUANUCO","6",""
"10","4/3/2020","HUANUCO","6",""
"10","4/4/2020","HUANUCO","6",""
"10","4/5/2020","HUANUCO","7",""
"10","4/6/2020","HUANUCO","10",""
"10","4/7/2020","HUANUCO","12",""
"10","4/8/2020","HUANUCO","17",""
"10","4/9/2020","HUANUCO","24",""
"10","4/10/2020","HUANUCO","27",""
"10","4/11/2020","HUANUCO","34",""
"10","4/12/2020","HUANUCO","38",""
"10","4/13/2020","HUANUCO","43",""
"10","4/14/2020","HUANUCO","53",""
"10","4/15/2020","HUANUCO","67",""
"10","4/16/2020","HUANUCO","78",""
"10","4/17/2020","HUANUCO","116",""
"10","4/18/2020","HUANUCO","136",""
"10","4/19/2020","HUANUCO","140",""
"10","4/20/2020","HUANUCO","147",""
"10","4/21/2020","HUANUCO","157",""
"10","4/22/2020","HUANUCO","162",""
"10","4/23/2020","HUANUCO","171",""
"10","4/24/2020","HUANUCO","180",""
"10","4/25/2020","HUANUCO","228",""
"10","4/26/2020","HUANUCO","234",""
"10","4/27/2020","HUANUCO","254",""
"10","4/28/2020","HUANUCO","269",""
"10","4/29/2020","HUANUCO","282",""
"10","4/30/2020","HUANUCO","301","1"
"10","5/1/2020","HUANUCO","309","3"
"10","5/2/2020","HUANUCO","312","3"
"10","5/3/2020","HUANUCO","316","3"
"10","5/4/2020","HUANUCO","323","4"
"10","5/5/2020","HUANUCO","327","7"
"10","5/6/2020","HUANUCO","338","7"
"10","5/7/2020","HUANUCO","349","7"
"10","5/8/2020","HUANUCO","354","7"
"10","5/9/2020","HUANUCO","367","7"
"10","5/10/2020","HUANUCO","369","7"
"10","5/11/2020","HUANUCO","385","7"
"10","5/12/2020","HUANUCO","398","7"
"10","5/13/2020","HUANUCO","460","7"
"10","5/14/2020","HUANUCO","486","7"
"10","5/15/2020","HUANUCO","508","7"
"10","5/16/2020","HUANUCO","515","7"
"10","5/17/2020","HUANUCO","520","7"
"10","5/18/2020","HUANUCO","536","7"
"10","5/19/2020","HUANUCO","555","7"
"10","5/20/2020","HUANUCO","572","7"
"10","5/21/2020","HUANUCO","581","7"
"10","5/22/2020","HUANUCO","617","7"
"10","5/23/2020","HUANUCO","639","7"
"10","5/24/2020","HUANUCO","646","7"
"10","5/25/2020","HUANUCO","674","7"
"10","5/26/2020","HUANUCO","694","7"
"10","5/27/2020","HUANUCO","726","9"
"10","5/28/2020","HUANUCO","749","10"
"10","5/29/2020","HUANUCO","782","10"
"10","5/30/2020","HUANUCO","792","12"
"10","5/31/2020","HUANUCO","801","13"
"10","6/1/2020","HUANUCO","820","13"
"10","6/2/2020","HUANUCO","848","13"
"10","6/3/2020","HUANUCO","879","13"
"10","6/4/2020","HUANUCO","959","13"
"10","6/5/2020","HUANUCO","1002","14"
"10","6/6/2020","HUANUCO","1017","16"
"10","6/7/2020","HUANUCO","1031","17"
"10","6/8/2020","HUANUCO","1074","18"
"10","6/9/2020","HUANUCO","1109","19"
"10","6/10/2020","HUANUCO","1145","22"
"10","6/11/2020","HUANUCO","1236","24"
"10","6/12/2020","HUANUCO","1288","27"
"10","6/13/2020","HUANUCO","1335","28"
"10","6/14/2020","HUANUCO","1351","30"
"10","6/15/2020","HUANUCO","1403","31"
"10","6/16/2020","HUANUCO","1421","35"
"11","3/19/2020","ICA","1",""
"11","3/20/2020","ICA","1",""
"11","3/21/2020","ICA","1",""
"11","3/23/2020","ICA","2",""
"11","3/24/2020","ICA","2",""
"11","3/26/2020","ICA","3",""
"11","3/27/2020","ICA","4",""
"11","3/28/2020","ICA","4",""
"11","3/29/2020","ICA","5",""
"11","3/30/2020","ICA","5",""
"11","3/31/2020","ICA","8",""
"11","4/1/2020","ICA","8","1"
"11","4/2/2020","ICA","8","1"
"11","4/3/2020","ICA","12","2"
"11","4/4/2020","ICA","17","3"
"11","4/5/2020","ICA","21","3"
"11","4/6/2020","ICA","28","3"
"11","4/7/2020","ICA","37","3"
"11","4/8/2020","ICA","46","3"
"11","4/9/2020","ICA","51","5"
"11","4/10/2020","ICA","66","6"
"11","4/11/2020","ICA","85","8"
"11","4/12/2020","ICA","88","9"
"11","4/13/2020","ICA","115","12"
"11","4/14/2020","ICA","121","14"
"11","4/15/2020","ICA","134","15"
"11","4/16/2020","ICA","157","16"
"11","4/17/2020","ICA","179","18"
"11","4/18/2020","ICA","198","19"
"11","4/19/2020","ICA","202","21"
"11","4/20/2020","ICA","230","22"
"11","4/21/2020","ICA","252","24"
"11","4/22/2020","ICA","284","29"
"11","4/23/2020","ICA","318","34"
"11","4/24/2020","ICA","334","35"
"11","4/25/2020","ICA","361","40"
"11","4/26/2020","ICA","371","43"
"11","4/27/2020","ICA","422","46"
"11","4/28/2020","ICA","512","51"
"11","4/29/2020","ICA","643","54"
"11","4/30/2020","ICA","684","63"
"11","5/1/2020","ICA","719","70"
"11","5/2/2020","ICA","767","74"
"11","5/3/2020","ICA","795","82"
"11","5/4/2020","ICA","857","90"
"11","5/5/2020","ICA","894","95"
"11","5/6/2020","ICA","954","103"
"11","5/7/2020","ICA","1030","109"
"11","5/8/2020","ICA","1127","117"
"11","5/9/2020","ICA","1164","120"
"11","5/10/2020","ICA","1176","123"
"11","5/11/2020","ICA","1218","132"
"11","5/12/2020","ICA","1312","136"
"11","5/13/2020","ICA","1385","141"
"11","5/14/2020","ICA","1469","144"
"11","5/15/2020","ICA","1571","149"
"11","5/16/2020","ICA","1689","154"
"11","5/17/2020","ICA","1723","157"
"11","5/18/2020","ICA","1905","168"
"11","5/19/2020","ICA","1993","180"
"11","5/20/2020","ICA","2092","189"
"11","5/21/2020","ICA","2264","196"
"11","5/22/2020","ICA","2358","207"
"11","5/23/2020","ICA","2436","208"
"11","5/24/2020","ICA","2456","215"
"11","5/25/2020","ICA","2703","219"
"11","5/26/2020","ICA","2871","219"
"11","5/27/2020","ICA","3081","222"
"11","5/28/2020","ICA","3213","228"
"11","5/29/2020","ICA","3509","239"
"11","5/30/2020","ICA","3617","244"
"11","5/31/2020","ICA","3645","252"
"11","6/1/2020","ICA","3823","258"
"11","6/2/2020","ICA","4017","261"
"11","6/3/2020","ICA","4137","272"
"11","6/4/2020","ICA","4238","277"
"11","6/5/2020","ICA","4345","281"
"11","6/6/2020","ICA","4495","290"
"11","6/7/2020","ICA","4573","292"
"11","6/8/2020","ICA","4732","298"
"11","6/9/2020","ICA","4884","306"
"11","6/10/2020","ICA","5074","317"
"11","6/11/2020","ICA","5243","328"
"11","6/12/2020","ICA","5420","335"
"11","6/13/2020","ICA","5566","346"
"11","6/14/2020","ICA","5586","353"
"11","6/15/2020","ICA","5695","356"
"11","6/16/2020","ICA","5745","372"
"12","3/19/2020","JUNIN","2",""
"12","3/20/2020","JUNIN","9",""
"12","3/21/2020","JUNIN","9",""
"12","3/23/2020","JUNIN","9",""
"12","3/24/2020","JUNIN","10",""
"12","3/26/2020","JUNIN","11",""
"12","3/27/2020","JUNIN","11",""
"12","3/28/2020","JUNIN","12",""
"12","3/29/2020","JUNIN","12",""
"12","3/30/2020","JUNIN","16","1"
"12","3/31/2020","JUNIN","16","1"
"12","4/1/2020","JUNIN","18","1"
"12","4/2/2020","JUNIN","18","1"
"12","4/3/2020","JUNIN","26","1"
"12","4/4/2020","JUNIN","26","2"
"12","4/5/2020","JUNIN","30","2"
"12","4/6/2020","JUNIN","30","2"
"12","4/7/2020","JUNIN","43","2"
"12","4/8/2020","JUNIN","45","2"
"12","4/9/2020","JUNIN","59","2"
"12","4/10/2020","JUNIN","61","2"
"12","4/11/2020","JUNIN","69","2"
"12","4/12/2020","JUNIN","73","2"
"12","4/13/2020","JUNIN","82","2"
"12","4/14/2020","JUNIN","115","4"
"12","4/15/2020","JUNIN","127","4"
"12","4/16/2020","JUNIN","155","4"
"12","4/17/2020","JUNIN","175","4"
"12","4/18/2020","JUNIN","189","6"
"12","4/19/2020","JUNIN","194","7"
"12","4/20/2020","JUNIN","213","7"
"12","4/21/2020","JUNIN","241","7"
"12","4/22/2020","JUNIN","261","8"
"12","4/23/2020","JUNIN","283","8"
"12","4/24/2020","JUNIN","294","8"
"12","4/25/2020","JUNIN","309","9"
"12","4/26/2020","JUNIN","321","11"
"12","4/27/2020","JUNIN","354","11"
"12","4/28/2020","JUNIN","397","11"
"12","4/29/2020","JUNIN","442","11"
"12","4/30/2020","JUNIN","508","11"
"12","5/1/2020","JUNIN","534","11"
"12","5/2/2020","JUNIN","589","13"
"12","5/3/2020","JUNIN","637","14"
"12","5/4/2020","JUNIN","681","14"
"12","5/5/2020","JUNIN","741","14"
"12","5/6/2020","JUNIN","798","14"
"12","5/7/2020","JUNIN","861","14"
"12","5/8/2020","JUNIN","902","14"
"12","5/9/2020","JUNIN","937","14"
"12","5/10/2020","JUNIN","954","14"
"12","5/11/2020","JUNIN","996","14"
"12","5/12/2020","JUNIN","1034","14"
"12","5/13/2020","JUNIN","1108","14"
"12","5/14/2020","JUNIN","1137","14"
"12","5/15/2020","JUNIN","1185","14"
"12","5/16/2020","JUNIN","1228","14"
"12","5/17/2020","JUNIN","1236","14"
"12","5/18/2020","JUNIN","1334","14"
"12","5/19/2020","JUNIN","1372","14"
"12","5/20/2020","JUNIN","1417","14"
"12","5/21/2020","JUNIN","1455","14"
"12","5/22/2020","JUNIN","1509","14"
"12","5/23/2020","JUNIN","1546","14"
"12","5/24/2020","JUNIN","1567","14"
"12","5/25/2020","JUNIN","1618","14"
"12","5/26/2020","JUNIN","1671","14"
"12","5/27/2020","JUNIN","1753","16"
"12","5/28/2020","JUNIN","1820","17"
"12","5/29/2020","JUNIN","1887","19"
"12","5/30/2020","JUNIN","1933","19"
"12","5/31/2020","JUNIN","1948","19"
"12","6/1/2020","JUNIN","1994","21"
"12","6/2/2020","JUNIN","2060","21"
"12","6/3/2020","JUNIN","2098","21"
"12","6/4/2020","JUNIN","2122","22"
"12","6/5/2020","JUNIN","2140","23"
"12","6/6/2020","JUNIN","2187","25"
"12","6/7/2020","JUNIN","2227","26"
"12","6/8/2020","JUNIN","2303","28"
"12","6/9/2020","JUNIN","2351","29"
"12","6/10/2020","JUNIN","2446","34"
"12","6/11/2020","JUNIN","2530","37"
"12","6/12/2020","JUNIN","2590","37"
"12","6/13/2020","JUNIN","2649","43"
"12","6/14/2020","JUNIN","2700","46"
"12","6/15/2020","JUNIN","2743","46"
"12","6/16/2020","JUNIN","2766","50"
"13","3/19/2020","LA LIBERTAD","2",""
"13","3/20/2020","LA LIBERTAD","4",""
"13","3/21/2020","LA LIBERTAD","4",""
"13","3/23/2020","LA LIBERTAD","5",""
"13","3/24/2020","LA LIBERTAD","6","1"
"13","3/26/2020","LA LIBERTAD","9","2"
"13","3/27/2020","LA LIBERTAD","10","2"
"13","3/28/2020","LA LIBERTAD","12","2"
"13","3/29/2020","LA LIBERTAD","14","2"
"13","3/30/2020","LA LIBERTAD","18","2"
"13","3/31/2020","LA LIBERTAD","29","3"
"13","4/1/2020","LA LIBERTAD","36","3"
"13","4/2/2020","LA LIBERTAD","43","4"
"13","4/3/2020","LA LIBERTAD","48","4"
"13","4/4/2020","LA LIBERTAD","49","5"
"13","4/5/2020","LA LIBERTAD","56","5"
"13","4/6/2020","LA LIBERTAD","60","6"
"13","4/7/2020","LA LIBERTAD","81","6"
"13","4/8/2020","LA LIBERTAD","103","6"
"13","4/9/2020","LA LIBERTAD","110","6"
"13","4/10/2020","LA LIBERTAD","115","6"
"13","4/11/2020","LA LIBERTAD","123","6"
"13","4/12/2020","LA LIBERTAD","126","9"
"13","4/13/2020","LA LIBERTAD","149","10"
"13","4/14/2020","LA LIBERTAD","174","13"
"13","4/15/2020","LA LIBERTAD","201","16"
"13","4/16/2020","LA LIBERTAD","226","16"
"13","4/17/2020","LA LIBERTAD","252","17"
"13","4/18/2020","LA LIBERTAD","279","18"
"13","4/19/2020","LA LIBERTAD","289","21"
"13","4/20/2020","LA LIBERTAD","341","23"
"13","4/21/2020","LA LIBERTAD","385","23"
"13","4/22/2020","LA LIBERTAD","431","25"
"13","4/23/2020","LA LIBERTAD","471","28"
"13","4/24/2020","LA LIBERTAD","492","29"
"13","4/25/2020","LA LIBERTAD","545","29"
"13","4/26/2020","LA LIBERTAD","553","35"
"13","4/27/2020","LA LIBERTAD","624","38"
"13","4/28/2020","LA LIBERTAD","799","45"
"13","4/29/2020","LA LIBERTAD","941","47"
"13","4/30/2020","LA LIBERTAD","1055","50"
"13","5/1/2020","LA LIBERTAD","1107","55"
"13","5/2/2020","LA LIBERTAD","1218","63"
"13","5/3/2020","LA LIBERTAD","1269","66"
"13","5/4/2020","LA LIBERTAD","1389","69"
"13","5/5/2020","LA LIBERTAD","1540","73"
"13","5/6/2020","LA LIBERTAD","1652","78"
"13","5/7/2020","LA LIBERTAD","1706","81"
"13","5/8/2020","LA LIBERTAD","1779","87"
"13","5/9/2020","LA LIBERTAD","1861","95"
"13","5/10/2020","LA LIBERTAD","1899","95"
"13","5/11/2020","LA LIBERTAD","1956","105"
"13","5/12/2020","LA LIBERTAD","2059","106"
"13","5/13/2020","LA LIBERTAD","2131","109"
"13","5/14/2020","LA LIBERTAD","2214","116"
"13","5/15/2020","LA LIBERTAD","2424","118"
"13","5/16/2020","LA LIBERTAD","2569","123"
"13","5/17/2020","LA LIBERTAD","2575","125"
"13","5/18/2020","LA LIBERTAD","2695","130"
"13","5/19/2020","LA LIBERTAD","2828","141"
"13","5/20/2020","LA LIBERTAD","2970","146"
"13","5/21/2020","LA LIBERTAD","3237","149"
"13","5/22/2020","LA LIBERTAD","3471","157"
"13","5/23/2020","LA LIBERTAD","3657","165"
"13","5/24/2020","LA LIBERTAD","3725","167"
"13","5/25/2020","LA LIBERTAD","3994","167"
"13","5/26/2020","LA LIBERTAD","4176","167"
"13","5/27/2020","LA LIBERTAD","4357","172"
"13","5/28/2020","LA LIBERTAD","4664","177"
"13","5/29/2020","LA LIBERTAD","4824","182"
"13","5/30/2020","LA LIBERTAD","4997","189"
"13","5/31/2020","LA LIBERTAD","5097","197"
"13","6/1/2020","LA LIBERTAD","5324","203"
"13","6/2/2020","LA LIBERTAD","5425","210"
"13","6/3/2020","LA LIBERTAD","5521","218"
"13","6/4/2020","LA LIBERTAD","5698","221"
"13","6/5/2020","LA LIBERTAD","5821","233"
"13","6/6/2020","LA LIBERTAD","5972","242"
"13","6/7/2020","LA LIBERTAD","6016","250"
"13","6/8/2020","LA LIBERTAD","6206","260"
"13","6/9/2020","LA LIBERTAD","6456","271"
"13","6/10/2020","LA LIBERTAD","6772","284"
"13","6/11/2020","LA LIBERTAD","6973","301"
"13","6/12/2020","LA LIBERTAD","7182","315"
"13","6/13/2020","LA LIBERTAD","7382","330"
"13","6/14/2020","LA LIBERTAD","7451","346"
"13","6/15/2020","LA LIBERTAD","7635","363"
"13","6/16/2020","LA LIBERTAD","7714","382"
"14","3/19/2020","LAMBAYEQUE","6",""
"14","3/20/2020","LAMBAYEQUE","8",""
"14","3/21/2020","LAMBAYEQUE","8",""
"14","3/23/2020","LAMBAYEQUE","8",""
"14","3/24/2020","LAMBAYEQUE","12",""
"14","3/26/2020","LAMBAYEQUE","13","2"
"14","3/27/2020","LAMBAYEQUE","14","2"
"14","3/28/2020","LAMBAYEQUE","21","2"
"14","3/29/2020","LAMBAYEQUE","22","3"
"14","3/30/2020","LAMBAYEQUE","30","5"
"14","3/31/2020","LAMBAYEQUE","34","6"
"14","4/1/2020","LAMBAYEQUE","35","7"
"14","4/2/2020","LAMBAYEQUE","40","7"
"14","4/3/2020","LAMBAYEQUE","68","11"
"14","4/4/2020","LAMBAYEQUE","114","15"
"14","4/5/2020","LAMBAYEQUE","121","18"
"14","4/6/2020","LAMBAYEQUE","149","21"
"14","4/7/2020","LAMBAYEQUE","291","22"
"14","4/8/2020","LAMBAYEQUE","363","29"
"14","4/9/2020","LAMBAYEQUE","379","37"
"14","4/10/2020","LAMBAYEQUE","437","46"
"14","4/11/2020","LAMBAYEQUE","500","54"
"14","4/12/2020","LAMBAYEQUE","551","61"
"14","4/13/2020","LAMBAYEQUE","607","64"
"14","4/14/2020","LAMBAYEQUE","664","74"
"14","4/15/2020","LAMBAYEQUE","837","85"
"14","4/16/2020","LAMBAYEQUE","920","95"
"14","4/17/2020","LAMBAYEQUE","994","114"
"14","4/18/2020","LAMBAYEQUE","1040","127"
"14","4/19/2020","LAMBAYEQUE","1062","134"
"14","4/20/2020","LAMBAYEQUE","1200","145"
"14","4/21/2020","LAMBAYEQUE","1328","155"
"14","4/22/2020","LAMBAYEQUE","1461","169"
"14","4/23/2020","LAMBAYEQUE","1630","186"
"14","4/24/2020","LAMBAYEQUE","1838","204"
"14","4/25/2020","LAMBAYEQUE","1963","218"
"14","4/26/2020","LAMBAYEQUE","2031","232"
"14","4/27/2020","LAMBAYEQUE","2311","250"
"14","4/28/2020","LAMBAYEQUE","2543","265"
"14","4/29/2020","LAMBAYEQUE","2787","278"
"14","4/30/2020","LAMBAYEQUE","2992","297"
"14","5/1/2020","LAMBAYEQUE","3215","309"
"14","5/2/2020","LAMBAYEQUE","3353","320"
"14","5/3/2020","LAMBAYEQUE","3481","333"
"14","5/4/2020","LAMBAYEQUE","3758","342"
"14","5/5/2020","LAMBAYEQUE","3974","359"
"14","5/6/2020","LAMBAYEQUE","4134","374"
"14","5/7/2020","LAMBAYEQUE","4280","385"
"14","5/8/2020","LAMBAYEQUE","4423","387"
"14","5/9/2020","LAMBAYEQUE","4488","394"
"14","5/10/2020","LAMBAYEQUE","4512","401"
"14","5/11/2020","LAMBAYEQUE","4634","404"
"14","5/12/2020","LAMBAYEQUE","4753","410"
"14","5/13/2020","LAMBAYEQUE","4910","414"
"14","5/14/2020","LAMBAYEQUE","5085","427"
"14","5/15/2020","LAMBAYEQUE","5339","436"
"14","5/16/2020","LAMBAYEQUE","5469","445"
"14","5/17/2020","LAMBAYEQUE","5495","449"
"14","5/18/2020","LAMBAYEQUE","5716","456"
"14","5/19/2020","LAMBAYEQUE","5932","460"
"14","5/20/2020","LAMBAYEQUE","6064","461"
"14","5/21/2020","LAMBAYEQUE","6227","466"
"14","5/22/2020","LAMBAYEQUE","6382","470"
"14","5/23/2020","LAMBAYEQUE","6578","475"
"14","5/24/2020","LAMBAYEQUE","6643","476"
"14","5/25/2020","LAMBAYEQUE","6957","477"
"14","5/26/2020","LAMBAYEQUE","7412","477"
"14","5/27/2020","LAMBAYEQUE","7909","480"
"14","5/28/2020","LAMBAYEQUE","8220","483"
"14","5/29/2020","LAMBAYEQUE","8454","486"
"14","5/30/2020","LAMBAYEQUE","8755","487"
"14","5/31/2020","LAMBAYEQUE","8811","491"
"14","6/1/2020","LAMBAYEQUE","8940","493"
"14","6/2/2020","LAMBAYEQUE","9087","496"
"14","6/3/2020","LAMBAYEQUE","9208","496"
"14","6/4/2020","LAMBAYEQUE","9382","504"
"14","6/5/2020","LAMBAYEQUE","9470","505"
"14","6/6/2020","LAMBAYEQUE","9626","509"
"14","6/7/2020","LAMBAYEQUE","9741","510"
"14","6/8/2020","LAMBAYEQUE","9919","511"
"14","6/9/2020","LAMBAYEQUE","10119","517"
"14","6/10/2020","LAMBAYEQUE","10375","523"
"14","6/11/2020","LAMBAYEQUE","10595","531"
"14","6/12/2020","LAMBAYEQUE","10873","534"
"14","6/13/2020","LAMBAYEQUE","11075","538"
"14","6/14/2020","LAMBAYEQUE","11114","543"
"14","6/15/2020","LAMBAYEQUE","11268","549"
"14","6/16/2020","LAMBAYEQUE","11344","555"
"15","3/19/2020","LIMA","206","3"
"15","3/20/2020","LIMA","232","5"
"15","3/21/2020","LIMA","259","5"
"15","3/23/2020","LIMA","317","6"
"15","3/24/2020","LIMA","364","7"
"15","3/26/2020","LIMA","486","10"
"15","3/27/2020","LIMA","508","15"
"15","3/28/2020","LIMA","591","17"
"15","3/29/2020","LIMA","698","26"
"15","3/30/2020","LIMA","794","31"
"15","3/31/2020","LIMA","987","43"
"15","4/1/2020","LIMA","1048","49"
"15","4/2/2020","LIMA","1219","56"
"15","4/3/2020","LIMA","1405","78"
"15","4/4/2020","LIMA","1905","101"
"15","4/5/2020","LIMA","2218","107"
"15","4/6/2020","LIMA","2701","123"
"15","4/7/2020","LIMA","3331","139"
"15","4/8/2020","LIMA","4027","163"
"15","4/9/2020","LIMA","4647","181"
"15","4/10/2020","LIMA","5433","192"
"15","4/11/2020","LIMA","6192","210"
"15","4/12/2020","LIMA","6707","235"
"15","4/13/2020","LIMA","7409","257"
"15","4/14/2020","LIMA","8019","275"
"15","4/15/2020","LIMA","8783","304"
"15","4/16/2020","LIMA","9612","343"
"15","4/17/2020","LIMA","10175","374"
"15","4/18/2020","LIMA","11038","400"
"15","4/19/2020","LIMA","11868","435"
"15","4/20/2020","LIMA","12976","476"
"15","4/21/2020","LIMA","14217","515"
"15","4/22/2020","LIMA","15635","551"
"15","4/23/2020","LIMA","16901","575"
"15","4/24/2020","LIMA","18200","608"
"15","4/25/2020","LIMA","19609","629"
"15","4/26/2020","LIMA","20574","659"
"15","4/27/2020","LIMA","22535","693"
"15","4/28/2020","LIMA","24250","724"
"15","4/29/2020","LIMA","26757","736"
"15","4/30/2020","LIMA","28486","753"
"15","5/1/2020","LIMA","29871","805"
"15","5/2/2020","LIMA","31803","838"
"15","5/3/2020","LIMA","33030","876"
"15","5/4/2020","LIMA","35370","918"
"15","5/5/2020","LIMA","37751","976"
"15","5/6/2020","LIMA","40004","1019"
"15","5/7/2020","LIMA","42369","1045"
"15","5/8/2020","LIMA","44447","1075"
"15","5/9/2020","LIMA","45876","1112"
"15","5/10/2020","LIMA","46484","1148"
"15","5/11/2020","LIMA","48793","1172"
"15","5/12/2020","LIMA","51699","1209"
"15","5/13/2020","LIMA","54506","1239"
"15","5/14/2020","LIMA","56623","1277"
"15","5/15/2020","LIMA","59012","1293"
"15","5/16/2020","LIMA","61396","1299"
"15","5/17/2020","LIMA","62701","1305"
"15","5/18/2020","LIMA","65775","1324"
"15","5/19/2020","LIMA","68554","1337"
"15","5/20/2020","LIMA","71498","1356"
"15","5/21/2020","LIMA","74479","1370"
"15","5/22/2020","LIMA","77865","1374"
"15","5/23/2020","LIMA","80870","1378"
"15","5/24/2020","LIMA","81835","1380"
"15","5/25/2020","LIMA","85881","1382"
"15","5/26/2020","LIMA","89892","1382"
"15","5/27/2020","LIMA","94136","1447"
"15","5/28/2020","LIMA","97665","1521"
"15","5/29/2020","LIMA","100799","1599"
"15","5/30/2020","LIMA","103376","1681"
"15","5/31/2020","LIMA","104771","1756"
"15","6/1/2020","LIMA","106773","1838"
"15","6/2/2020","LIMA","108618","1917"
"15","6/3/2020","LIMA","109561","1988"
"15","6/4/2020","LIMA","111409","2064"
"15","6/5/2020","LIMA","114157","2153"
"15","6/6/2020","LIMA","116658","2250"
"15","6/7/2020","LIMA","118405","2315"
"15","6/8/2020","LIMA","120680","2414"
"15","6/9/2020","LIMA","123420","2506"
"15","6/10/2020","LIMA","126100","2636"
"15","6/11/2020","LIMA","128121","2744"
"15","6/12/2020","LIMA","129857","2854"
"15","6/13/2020","LIMA","131959","2948"
"15","6/14/2020","LIMA","133584","3042"
"15","6/15/2020","LIMA","135729","3154"
"15","6/16/2020","LIMA","137017","3235"
"16","3/19/2020","LORETO","12",""
"16","3/20/2020","LORETO","14",""
"16","3/21/2020","LORETO","16",""
"16","3/23/2020","LORETO","16",""
"16","3/24/2020","LORETO","18",""
"16","3/26/2020","LORETO","23",""
"16","3/27/2020","LORETO","27",""
"16","3/28/2020","LORETO","52",""
"16","3/29/2020","LORETO","53",""
"16","3/30/2020","LORETO","58","2"
"16","3/31/2020","LORETO","62","2"
"16","4/1/2020","LORETO","73","2"
"16","4/2/2020","LORETO","82","2"
"16","4/3/2020","LORETO","107","2"
"16","4/4/2020","LORETO","147","2"
"16","4/5/2020","LORETO","178","3"
"16","4/6/2020","LORETO","188","3"
"16","4/7/2020","LORETO","284","4"
"16","4/8/2020","LORETO","352","5"
"16","4/9/2020","LORETO","357","6"
"16","4/10/2020","LORETO","364","8"
"16","4/11/2020","LORETO","377","9"
"16","4/12/2020","LORETO","400","9"
"16","4/13/2020","LORETO","426","10"
"16","4/14/2020","LORETO","457","14"
"16","4/15/2020","LORETO","471","17"
"16","4/16/2020","LORETO","478","19"
"16","4/17/2020","LORETO","536","22"
"16","4/18/2020","LORETO","607","26"
"16","4/19/2020","LORETO","649","26"
"16","4/20/2020","LORETO","691","26"
"16","4/21/2020","LORETO","709","28"
"16","4/22/2020","LORETO","727","32"
"16","4/23/2020","LORETO","752","43"
"16","4/24/2020","LORETO","831","49"
"16","4/25/2020","LORETO","915","54"
"16","4/26/2020","LORETO","973","62"
"16","4/27/2020","LORETO","1047","69"
"16","4/28/2020","LORETO","1220","76"
"16","4/29/2020","LORETO","1449","89"
"16","4/30/2020","LORETO","1543","101"
"16","5/1/2020","LORETO","1685","109"
"16","5/2/2020","LORETO","1790","121"
"16","5/3/2020","LORETO","1815","127"
"16","5/4/2020","LORETO","1943","137"
"16","5/5/2020","LORETO","2000","150"
"16","5/6/2020","LORETO","2110","165"
"16","5/7/2020","LORETO","2186","171"
"16","5/8/2020","LORETO","2312","179"
"16","5/9/2020","LORETO","2417","185"
"16","5/10/2020","LORETO","2468","188"
"16","5/11/2020","LORETO","2647","194"
"16","5/12/2020","LORETO","2763","195"
"16","5/13/2020","LORETO","2916","196"
"16","5/14/2020","LORETO","3046","199"
"16","5/15/2020","LORETO","3279","201"
"16","5/16/2020","LORETO","3433","202"
"16","5/17/2020","LORETO","3495","206"
"16","5/18/2020","LORETO","3660","209"
"16","5/19/2020","LORETO","3899","213"
"16","5/20/2020","LORETO","4094","215"
"16","5/21/2020","LORETO","4295","222"
"16","5/22/2020","LORETO","4444","225"
"16","5/23/2020","LORETO","4585","228"
"16","5/24/2020","LORETO","4674","228"
"16","5/25/2020","LORETO","4771","228"
"16","5/26/2020","LORETO","4935","228"
"16","5/27/2020","LORETO","5063","229"
"16","5/28/2020","LORETO","5133","233"
"16","5/29/2020","LORETO","5311","235"
"16","5/30/2020","LORETO","5411","236"
"16","5/31/2020","LORETO","5694","237"
"16","6/1/2020","LORETO","5825","239"
"16","6/2/2020","LORETO","5942","240"
"16","6/3/2020","LORETO","5995","240"
"16","6/4/2020","LORETO","6125","240"
"16","6/5/2020","LORETO","6384","243"
"16","6/6/2020","LORETO","6535","245"
"16","6/7/2020","LORETO","6547","247"
"16","6/8/2020","LORETO","6688","248"
"16","6/9/2020","LORETO","6753","249"
"16","6/10/2020","LORETO","6923","251"
"16","6/11/2020","LORETO","7107","251"
"16","6/12/2020","LORETO","7262","255"
"16","6/13/2020","LORETO","7402","256"
"16","6/14/2020","LORETO","7410","256"
"16","6/15/2020","LORETO","7437","258"
"16","6/16/2020","LORETO","7448","260"
"17","3/19/2020","MADRE DE DIOS","1",""
"17","3/20/2020","MADRE DE DIOS","1",""
"17","3/21/2020","MADRE DE DIOS","1",""
"17","3/23/2020","MADRE DE DIOS","1",""
"17","3/24/2020","MADRE DE DIOS","1",""
"17","3/26/2020","MADRE DE DIOS","1",""
"17","3/27/2020","MADRE DE DIOS","1",""
"17","3/28/2020","MADRE DE DIOS","1",""
"17","3/29/2020","MADRE DE DIOS","1",""
"17","3/30/2020","MADRE DE DIOS","1",""
"17","3/31/2020","MADRE DE DIOS","1",""
"17","4/1/2020","MADRE DE DIOS","2",""
"17","4/2/2020","MADRE DE DIOS","2",""
"17","4/3/2020","MADRE DE DIOS","2",""
"17","4/4/2020","MADRE DE DIOS","2",""
"17","4/5/2020","MADRE DE DIOS","2",""
"17","4/6/2020","MADRE DE DIOS","2",""
"17","4/7/2020","MADRE DE DIOS","2",""
"17","4/8/2020","MADRE DE DIOS","4",""
"17","4/9/2020","MADRE DE DIOS","5",""
"17","4/10/2020","MADRE DE DIOS","5",""
"17","4/11/2020","MADRE DE DIOS","19",""
"17","4/12/2020","MADRE DE DIOS","32",""
"17","4/13/2020","MADRE DE DIOS","36",""
"17","4/14/2020","MADRE DE DIOS","40",""
"17","4/15/2020","MADRE DE DIOS","46",""
"17","4/16/2020","MADRE DE DIOS","52",""
"17","4/17/2020","MADRE DE DIOS","57",""
"17","4/18/2020","MADRE DE DIOS","61",""
"17","4/19/2020","MADRE DE DIOS","61",""
"17","4/20/2020","MADRE DE DIOS","66",""
"17","4/21/2020","MADRE DE DIOS","71",""
"17","4/22/2020","MADRE DE DIOS","84",""
"17","4/23/2020","MADRE DE DIOS","86",""
"17","4/24/2020","MADRE DE DIOS","89",""
"17","4/25/2020","MADRE DE DIOS","96","1"
"17","4/26/2020","MADRE DE DIOS","97","1"
"17","4/27/2020","MADRE DE DIOS","106","1"
"17","4/28/2020","MADRE DE DIOS","109","1"
"17","4/29/2020","MADRE DE DIOS","117","1"
"17","4/30/2020","MADRE DE DIOS","120","1"
"17","5/1/2020","MADRE DE DIOS","122","1"
"17","5/2/2020","MADRE DE DIOS","125","1"
"17","5/3/2020","MADRE DE DIOS","125","1"
"17","5/4/2020","MADRE DE DIOS","130","1"
"17","5/5/2020","MADRE DE DIOS","134","1"
"17","5/6/2020","MADRE DE DIOS","140","2"
"17","5/7/2020","MADRE DE DIOS","142","2"
"17","5/8/2020","MADRE DE DIOS","147","2"
"17","5/9/2020","MADRE DE DIOS","160","3"
"17","5/10/2020","MADRE DE DIOS","160","3"
"17","5/11/2020","MADRE DE DIOS","176","3"
"17","5/12/2020","MADRE DE DIOS","187","3"
"17","5/13/2020","MADRE DE DIOS","201","3"
"17","5/14/2020","MADRE DE DIOS","209","3"
"17","5/15/2020","MADRE DE DIOS","213","4"
"17","5/16/2020","MADRE DE DIOS","232","4"
"17","5/17/2020","MADRE DE DIOS","232","4"
"17","5/18/2020","MADRE DE DIOS","249","4"
"17","5/19/2020","MADRE DE DIOS","258","4"
"17","5/20/2020","MADRE DE DIOS","263","6"
"17","5/21/2020","MADRE DE DIOS","273","6"
"17","5/22/2020","MADRE DE DIOS","313","6"
"17","5/23/2020","MADRE DE DIOS","339","6"
"17","5/24/2020","MADRE DE DIOS","339","6"
"17","5/25/2020","MADRE DE DIOS","378","6"
"17","5/26/2020","MADRE DE DIOS","399","6"
"17","5/27/2020","MADRE DE DIOS","426","6"
"17","5/28/2020","MADRE DE DIOS","479","6"
"17","5/29/2020","MADRE DE DIOS","531","6"
"17","5/30/2020","MADRE DE DIOS","554","6"
"17","5/31/2020","MADRE DE DIOS","555","6"
"17","6/1/2020","MADRE DE DIOS","590","6"
"17","6/2/2020","MADRE DE DIOS","614","6"
"17","6/3/2020","MADRE DE DIOS","647","8"
"17","6/4/2020","MADRE DE DIOS","737","10"
"17","6/5/2020","MADRE DE DIOS","763","11"
"17","6/6/2020","MADRE DE DIOS","786","11"
"17","6/7/2020","MADRE DE DIOS","794","11"
"17","6/8/2020","MADRE DE DIOS","850","12"
"17","6/9/2020","MADRE DE DIOS","889","13"
"17","6/10/2020","MADRE DE DIOS","952","15"
"17","6/11/2020","MADRE DE DIOS","982","15"
"17","6/12/2020","MADRE DE DIOS","1016","16"
"17","6/13/2020","MADRE DE DIOS","1051","18"
"17","6/14/2020","MADRE DE DIOS","1055","19"
"17","6/15/2020","MADRE DE DIOS","1100","19"
"17","6/16/2020","MADRE DE DIOS","1182","19"
"18","3/19/2020","MOQUEGUA","",""
"18","3/20/2020","MOQUEGUA","",""
"18","3/21/2020","MOQUEGUA","",""
"18","3/23/2020","MOQUEGUA","",""
"18","3/24/2020","MOQUEGUA","",""
"18","3/26/2020","MOQUEGUA","",""
"18","3/27/2020","MOQUEGUA","",""
"18","3/28/2020","MOQUEGUA","",""
"18","3/29/2020","MOQUEGUA","",""
"18","3/30/2020","MOQUEGUA","",""
"18","3/31/2020","MOQUEGUA","",""
"18","4/1/2020","MOQUEGUA","",""
"18","4/2/2020","MOQUEGUA","",""
"18","4/3/2020","MOQUEGUA","",""
"18","4/4/2020","MOQUEGUA","1",""
"18","4/5/2020","MOQUEGUA","1",""
"18","4/6/2020","MOQUEGUA","2",""
"18","4/7/2020","MOQUEGUA","2",""
"18","4/8/2020","MOQUEGUA","3",""
"18","4/9/2020","MOQUEGUA","3",""
"18","4/10/2020","MOQUEGUA","7",""
"18","4/11/2020","MOQUEGUA","10",""
"18","4/12/2020","MOQUEGUA","10",""
"18","4/13/2020","MOQUEGUA","12",""
"18","4/14/2020","MOQUEGUA","18",""
"18","4/15/2020","MOQUEGUA","22",""
"18","4/16/2020","MOQUEGUA","27",""
"18","4/17/2020","MOQUEGUA","32",""
"18","4/18/2020","MOQUEGUA","32",""
"18","4/19/2020","MOQUEGUA","33",""
"18","4/20/2020","MOQUEGUA","42",""
"18","4/21/2020","MOQUEGUA","50",""
"18","4/22/2020","MOQUEGUA","54",""
"18","4/23/2020","MOQUEGUA","61",""
"18","4/24/2020","MOQUEGUA","77",""
"18","4/25/2020","MOQUEGUA","96",""
"18","4/26/2020","MOQUEGUA","102",""
"18","4/27/2020","MOQUEGUA","105",""
"18","4/28/2020","MOQUEGUA","117",""
"18","4/29/2020","MOQUEGUA","140",""
"18","4/30/2020","MOQUEGUA","150",""
"18","5/1/2020","MOQUEGUA","162",""
"18","5/2/2020","MOQUEGUA","168",""
"18","5/3/2020","MOQUEGUA","168",""
"18","5/4/2020","MOQUEGUA","184",""
"18","5/5/2020","MOQUEGUA","198",""
"18","5/6/2020","MOQUEGUA","203",""
"18","5/7/2020","MOQUEGUA","207",""
"18","5/8/2020","MOQUEGUA","232",""
"18","5/9/2020","MOQUEGUA","234",""
"18","5/10/2020","MOQUEGUA","234",""
"18","5/11/2020","MOQUEGUA","239",""
"18","5/12/2020","MOQUEGUA","241",""
"18","5/13/2020","MOQUEGUA","253",""
"18","5/14/2020","MOQUEGUA","262",""
"18","5/15/2020","MOQUEGUA","263",""
"18","5/16/2020","MOQUEGUA","276",""
"18","5/17/2020","MOQUEGUA","277",""
"18","5/18/2020","MOQUEGUA","288",""
"18","5/19/2020","MOQUEGUA","333",""
"18","5/20/2020","MOQUEGUA","397",""
"18","5/21/2020","MOQUEGUA","446","1"
"18","5/22/2020","MOQUEGUA","506","1"
"18","5/23/2020","MOQUEGUA","541","1"
"18","5/24/2020","MOQUEGUA","559","1"
"18","5/25/2020","MOQUEGUA","591","2"
"18","5/26/2020","MOQUEGUA","618","2"
"18","5/27/2020","MOQUEGUA","657","2"
"18","5/28/2020","MOQUEGUA","674","2"
"18","5/29/2020","MOQUEGUA","690","2"
"18","5/30/2020","MOQUEGUA","701","2"
"18","5/31/2020","MOQUEGUA","702","2"
"18","6/1/2020","MOQUEGUA","710","2"
"18","6/2/2020","MOQUEGUA","720","2"
"18","6/3/2020","MOQUEGUA","734","2"
"18","6/4/2020","MOQUEGUA","756","2"
"18","6/5/2020","MOQUEGUA","761","2"
"18","6/6/2020","MOQUEGUA","763","3"
"18","6/7/2020","MOQUEGUA","765","4"
"18","6/8/2020","MOQUEGUA","772","4"
"18","6/9/2020","MOQUEGUA","776","5"
"18","6/10/2020","MOQUEGUA","780","5"
"18","6/11/2020","MOQUEGUA","790","6"
"18","6/12/2020","MOQUEGUA","799","6"
"18","6/13/2020","MOQUEGUA","812","6"
"18","6/14/2020","MOQUEGUA","815","6"
"18","6/15/2020","MOQUEGUA","829","6"
"18","6/16/2020","MOQUEGUA","829","6"
"19","3/19/2020","PASCO","",""
"19","3/20/2020","PASCO","",""
"19","3/21/2020","PASCO","",""
"19","3/23/2020","PASCO","",""
"19","3/24/2020","PASCO","",""
"19","3/26/2020","PASCO","1",""
"19","3/27/2020","PASCO","1",""
"19","3/28/2020","PASCO","1",""
"19","3/29/2020","PASCO","1",""
"19","3/30/2020","PASCO","1",""
"19","3/31/2020","PASCO","1",""
"19","4/1/2020","PASCO","1",""
"19","4/2/2020","PASCO","1",""
"19","4/3/2020","PASCO","2",""
"19","4/4/2020","PASCO","3",""
"19","4/5/2020","PASCO","5",""
"19","4/6/2020","PASCO","5",""
"19","4/7/2020","PASCO","5",""
"19","4/8/2020","PASCO","5",""
"19","4/9/2020","PASCO","10",""
"19","4/10/2020","PASCO","11",""
"19","4/11/2020","PASCO","13",""
"19","4/12/2020","PASCO","13",""
"19","4/13/2020","PASCO","13",""
"19","4/14/2020","PASCO","13",""
"19","4/15/2020","PASCO","13",""
"19","4/16/2020","PASCO","16",""
"19","4/17/2020","PASCO","18","1"
"19","4/18/2020","PASCO","31","1"
"19","4/19/2020","PASCO","33","1"
"19","4/20/2020","PASCO","46","1"
"19","4/21/2020","PASCO","57","1"
"19","4/22/2020","PASCO","59","1"
"19","4/23/2020","PASCO","63","1"
"19","4/24/2020","PASCO","66","1"
"19","4/25/2020","PASCO","74","1"
"19","4/26/2020","PASCO","79","1"
"19","4/27/2020","PASCO","91","1"
"19","4/28/2020","PASCO","96","1"
"19","4/29/2020","PASCO","109","1"
"19","4/30/2020","PASCO","110","1"
"19","5/1/2020","PASCO","115","2"
"19","5/2/2020","PASCO","124","3"
"19","5/3/2020","PASCO","126","3"
"19","5/4/2020","PASCO","146","3"
"19","5/5/2020","PASCO","154","3"
"19","5/6/2020","PASCO","163","4"
"19","5/7/2020","PASCO","170","4"
"19","5/8/2020","PASCO","172","4"
"19","5/9/2020","PASCO","178","4"
"19","5/10/2020","PASCO","180","4"
"19","5/11/2020","PASCO","183","4"
"19","5/12/2020","PASCO","192","4"
"19","5/13/2020","PASCO","200","4"
"19","5/14/2020","PASCO","212","4"
"19","5/15/2020","PASCO","219","4"
"19","5/16/2020","PASCO","234","4"
"19","5/17/2020","PASCO","240","5"
"19","5/18/2020","PASCO","248","5"
"19","5/19/2020","PASCO","263","5"
"19","5/20/2020","PASCO","282","6"
"19","5/21/2020","PASCO","313","7"
"19","5/22/2020","PASCO","355","7"
"19","5/23/2020","PASCO","391","7"
"19","5/24/2020","PASCO","416","7"
"19","5/25/2020","PASCO","431","7"
"19","5/26/2020","PASCO","444","7"
"19","5/27/2020","PASCO","469","7"
"19","5/28/2020","PASCO","491","7"
"19","5/29/2020","PASCO","495","8"
"19","5/30/2020","PASCO","507","8"
"19","5/31/2020","PASCO","510","8"
"19","6/1/2020","PASCO","543","10"
"19","6/2/2020","PASCO","552","10"
"19","6/3/2020","PASCO","585","10"
"19","6/4/2020","PASCO","614","10"
"19","6/5/2020","PASCO","627","10"
"19","6/6/2020","PASCO","635","10"
"19","6/7/2020","PASCO","646","10"
"19","6/8/2020","PASCO","667","11"
"19","6/9/2020","PASCO","694","12"
"19","6/10/2020","PASCO","722","12"
"19","6/11/2020","PASCO","740","12"
"19","6/12/2020","PASCO","752","12"
"19","6/13/2020","PASCO","785","12"
"19","6/14/2020","PASCO","797","13"
"19","6/15/2020","PASCO","820","14"
"19","6/16/2020","PASCO","824","15"
"20","3/19/2020","PIURA","2",""
"20","3/20/2020","PIURA","17",""
"20","3/21/2020","PIURA","18","1"
"20","3/23/2020","PIURA","18","1"
"20","3/24/2020","PIURA","18","1"
"20","3/26/2020","PIURA","19","1"
"20","3/27/2020","PIURA","19","1"
"20","3/28/2020","PIURA","20","1"
"20","3/29/2020","PIURA","20","2"
"20","3/30/2020","PIURA","20","2"
"20","3/31/2020","PIURA","25","2"
"20","4/1/2020","PIURA","29","2"
"20","4/2/2020","PIURA","30","3"
"20","4/3/2020","PIURA","32","4"
"20","4/4/2020","PIURA","37","8"
"20","4/5/2020","PIURA","38","8"
"20","4/6/2020","PIURA","46","9"
"20","4/7/2020","PIURA","57","11"
"20","4/8/2020","PIURA","78","13"
"20","4/9/2020","PIURA","118","14"
"20","4/10/2020","PIURA","153","20"
"20","4/11/2020","PIURA","202","22"
"20","4/12/2020","PIURA","234","26"
"20","4/13/2020","PIURA","265","31"
"20","4/14/2020","PIURA","319","37"
"20","4/15/2020","PIURA","395","44"
"20","4/16/2020","PIURA","447","50"
"20","4/17/2020","PIURA","495","56"
"20","4/18/2020","PIURA","536","62"
"20","4/19/2020","PIURA","546","70"
"20","4/20/2020","PIURA","600","77"
"20","4/21/2020","PIURA","650","85"
"20","4/22/2020","PIURA","721","88"
"20","4/23/2020","PIURA","821","95"
"20","4/24/2020","PIURA","961","105"
"20","4/25/2020","PIURA","1115","110"
"20","4/26/2020","PIURA","1193","123"
"20","4/27/2020","PIURA","1427","136"
"20","4/28/2020","PIURA","1560","148"
"20","4/29/2020","PIURA","1710","164"
"20","4/30/2020","PIURA","1889","178"
"20","5/1/2020","PIURA","2030","188"
"20","5/2/2020","PIURA","2218","204"
"20","5/3/2020","PIURA","2301","223"
"20","5/4/2020","PIURA","2508","237"
"20","5/5/2020","PIURA","2721","251"
"20","5/6/2020","PIURA","2933","268"
"20","5/7/2020","PIURA","3085","279"
"20","5/8/2020","PIURA","3230","296"
"20","5/9/2020","PIURA","3319","306"
"20","5/10/2020","PIURA","3357","326"
"20","5/11/2020","PIURA","3501","341"
"20","5/12/2020","PIURA","3619","347"
"20","5/13/2020","PIURA","3717","361"
"20","5/14/2020","PIURA","3843","370"
"20","5/15/2020","PIURA","3935","380"
"20","5/16/2020","PIURA","3991","386"
"20","5/17/2020","PIURA","4040","389"
"20","5/18/2020","PIURA","4207","395"
"20","5/19/2020","PIURA","4460","405"
"20","5/20/2020","PIURA","4828","414"
"20","5/21/2020","PIURA","5150","424"
"20","5/22/2020","PIURA","5603","432"
"20","5/23/2020","PIURA","6033","443"
"20","5/24/2020","PIURA","6233","451"
"20","5/25/2020","PIURA","6686","461"
"20","5/26/2020","PIURA","7072","465"
"20","5/27/2020","PIURA","7501","481"
"20","5/28/2020","PIURA","7835","491"
"20","5/29/2020","PIURA","8069","494"
"20","5/30/2020","PIURA","8269","503"
"20","5/31/2020","PIURA","8289","511"
"20","6/1/2020","PIURA","8750","515"
"20","6/2/2020","PIURA","9062","522"
"20","6/3/2020","PIURA","9317","531"
"20","6/4/2020","PIURA","9789","539"
"20","6/5/2020","PIURA","10242","543"
"20","6/6/2020","PIURA","10683","551"
"20","6/7/2020","PIURA","10757","555"
"20","6/8/2020","PIURA","11089","565"
"20","6/9/2020","PIURA","11551","574"
"20","6/10/2020","PIURA","11967","582"
"20","6/11/2020","PIURA","12427","586"
"20","6/12/2020","PIURA","12850","593"
"20","6/13/2020","PIURA","13057","604"
"20","6/14/2020","PIURA","13170","611"
"20","6/15/2020","PIURA","13344","622"
"20","6/16/2020","PIURA","13421","630"
"21","3/19/2020","PUNO","",""
"21","3/20/2020","PUNO","",""
"21","3/21/2020","PUNO","",""
"21","3/23/2020","PUNO","",""
"21","3/24/2020","PUNO","",""
"21","3/26/2020","PUNO","",""
"21","3/27/2020","PUNO","",""
"21","3/28/2020","PUNO","",""
"21","3/29/2020","PUNO","",""
"21","3/30/2020","PUNO","1",""
"21","3/31/2020","PUNO","1",""
"21","4/1/2020","PUNO","1",""
"21","4/2/2020","PUNO","1",""
"21","4/3/2020","PUNO","1",""
"21","4/4/2020","PUNO","1",""
"21","4/5/2020","PUNO","1",""
"21","4/6/2020","PUNO","2",""
"21","4/7/2020","PUNO","2",""
"21","4/8/2020","PUNO","2",""
"21","4/9/2020","PUNO","3",""
"21","4/10/2020","PUNO","3",""
"21","4/11/2020","PUNO","4",""
"21","4/12/2020","PUNO","4",""
"21","4/13/2020","PUNO","5",""
"21","4/14/2020","PUNO","5",""
"21","4/15/2020","PUNO","9",""
"21","4/16/2020","PUNO","11",""
"21","4/17/2020","PUNO","15",""
"21","4/18/2020","PUNO","24",""
"21","4/19/2020","PUNO","24",""
"21","4/20/2020","PUNO","34","1"
"21","4/21/2020","PUNO","49","1"
"21","4/22/2020","PUNO","55","1"
"21","4/23/2020","PUNO","63","1"
"21","4/24/2020","PUNO","79","1"
"21","4/25/2020","PUNO","96","1"
"21","4/26/2020","PUNO","110","1"
"21","4/27/2020","PUNO","138","1"
"21","4/28/2020","PUNO","160","1"
"21","4/29/2020","PUNO","179","2"
"21","4/30/2020","PUNO","200","2"
"21","5/1/2020","PUNO","209","2"
"21","5/2/2020","PUNO","216","2"
"21","5/3/2020","PUNO","217","3"
"21","5/4/2020","PUNO","224","3"
"21","5/5/2020","PUNO","239","4"
"21","5/6/2020","PUNO","245","4"
"21","5/7/2020","PUNO","248","4"
"21","5/8/2020","PUNO","249","4"
"21","5/9/2020","PUNO","256","4"
"21","5/10/2020","PUNO","257","4"
"21","5/11/2020","PUNO","261","4"
"21","5/12/2020","PUNO","265","4"
"21","5/13/2020","PUNO","266","4"
"21","5/14/2020","PUNO","268","4"
"21","5/15/2020","PUNO","275","4"
"21","5/16/2020","PUNO","278","5"
"21","5/17/2020","PUNO","278","5"
"21","5/18/2020","PUNO","284","6"
"21","5/19/2020","PUNO","289","6"
"21","5/20/2020","PUNO","298","6"
"21","5/21/2020","PUNO","330","6"
"21","5/22/2020","PUNO","351","6"
"21","5/23/2020","PUNO","357","6"
"21","5/24/2020","PUNO","359","6"
"21","5/25/2020","PUNO","392","6"
"21","5/26/2020","PUNO","394","6"
"21","5/27/2020","PUNO","412","6"
"21","5/28/2020","PUNO","426","7"
"21","5/29/2020","PUNO","462","7"
"21","5/30/2020","PUNO","474","7"
"21","5/31/2020","PUNO","475","7"
"21","6/1/2020","PUNO","482","7"
"21","6/2/2020","PUNO","496","8"
"21","6/3/2020","PUNO","515","8"
"21","6/4/2020","PUNO","542","9"
"21","6/5/2020","PUNO","549","9"
"21","6/6/2020","PUNO","556","9"
"21","6/7/2020","PUNO","558","9"
"21","6/8/2020","PUNO","576","9"
"21","6/9/2020","PUNO","599","9"
"21","6/10/2020","PUNO","630","9"
"21","6/11/2020","PUNO","638","10"
"21","6/12/2020","PUNO","651","12"
"21","6/13/2020","PUNO","666","13"
"21","6/14/2020","PUNO","675","13"
"21","6/15/2020","PUNO","685","13"
"21","6/16/2020","PUNO","691","13"
"22","3/19/2020","SAN MARTIN","",""
"22","3/20/2020","SAN MARTIN","",""
"22","3/21/2020","SAN MARTIN","",""
"22","3/23/2020","SAN MARTIN","",""
"22","3/24/2020","SAN MARTIN","",""
"22","3/26/2020","SAN MARTIN","",""
"22","3/27/2020","SAN MARTIN","1",""
"22","3/28/2020","SAN MARTIN","3",""
"22","3/29/2020","SAN MARTIN","4",""
"22","3/30/2020","SAN MARTIN","5",""
"22","3/31/2020","SAN MARTIN","5","1"
"22","4/1/2020","SAN MARTIN","5","1"
"22","4/2/2020","SAN MARTIN","5","1"
"22","4/3/2020","SAN MARTIN","8","1"
"22","4/4/2020","SAN MARTIN","8","1"
"22","4/5/2020","SAN MARTIN","8","1"
"22","4/6/2020","SAN MARTIN","8","1"
"22","4/7/2020","SAN MARTIN","11","1"
"22","4/8/2020","SAN MARTIN","15","1"
"22","4/9/2020","SAN MARTIN","20","1"
"22","4/10/2020","SAN MARTIN","20","1"
"22","4/11/2020","SAN MARTIN","35","1"
"22","4/12/2020","SAN MARTIN","35","1"
"22","4/13/2020","SAN MARTIN","35","1"
"22","4/14/2020","SAN MARTIN","41","1"
"22","4/15/2020","SAN MARTIN","54","1"
"22","4/16/2020","SAN MARTIN","65","1"
"22","4/17/2020","SAN MARTIN","77","1"
"22","4/18/2020","SAN MARTIN","89","1"
"22","4/19/2020","SAN MARTIN","90","1"
"22","4/20/2020","SAN MARTIN","97","1"
"22","4/21/2020","SAN MARTIN","102","1"
"22","4/22/2020","SAN MARTIN","106","1"
"22","4/23/2020","SAN MARTIN","108","1"
"22","4/24/2020","SAN MARTIN","121","1"
"22","4/25/2020","SAN MARTIN","150","1"
"22","4/26/2020","SAN MARTIN","166","1"
"22","4/27/2020","SAN MARTIN","189","1"
"22","4/28/2020","SAN MARTIN","232","1"
"22","4/29/2020","SAN MARTIN","253","1"
"22","4/30/2020","SAN MARTIN","268","1"
"22","5/1/2020","SAN MARTIN","286","1"
"22","5/2/2020","SAN MARTIN","316","1"
"22","5/3/2020","SAN MARTIN","336","1"
"22","5/4/2020","SAN MARTIN","343","1"
"22","5/5/2020","SAN MARTIN","354","1"
"22","5/6/2020","SAN MARTIN","385","1"
"22","5/7/2020","SAN MARTIN","447","2"
"22","5/8/2020","SAN MARTIN","497","3"
"22","5/9/2020","SAN MARTIN","525","4"
"22","5/10/2020","SAN MARTIN","539","6"
"22","5/11/2020","SAN MARTIN","550","6"
"22","5/12/2020","SAN MARTIN","562","6"
"22","5/13/2020","SAN MARTIN","591","6"
"22","5/14/2020","SAN MARTIN","629","7"
"22","5/15/2020","SAN MARTIN","650","8"
"22","5/16/2020","SAN MARTIN","704","8"
"22","5/17/2020","SAN MARTIN","723","8"
"22","5/18/2020","SAN MARTIN","815","11"
"22","5/19/2020","SAN MARTIN","904","12"
"22","5/20/2020","SAN MARTIN","945","12"
"22","5/21/2020","SAN MARTIN","988","12"
"22","5/22/2020","SAN MARTIN","1014","12"
"22","5/23/2020","SAN MARTIN","1032","13"
"22","5/24/2020","SAN MARTIN","1047","15"
"22","5/25/2020","SAN MARTIN","1071","15"
"22","5/26/2020","SAN MARTIN","1133","17"
"22","5/27/2020","SAN MARTIN","1198","18"
"22","5/28/2020","SAN MARTIN","1263","18"
"22","5/29/2020","SAN MARTIN","1314","18"
"22","5/30/2020","SAN MARTIN","1377","20"
"22","5/31/2020","SAN MARTIN","1416","23"
"22","6/1/2020","SAN MARTIN","1512","24"
"22","6/2/2020","SAN MARTIN","1614","27"
"22","6/3/2020","SAN MARTIN","1673","29"
"22","6/4/2020","SAN MARTIN","1744","30"
"22","6/5/2020","SAN MARTIN","1815","33"
"22","6/6/2020","SAN MARTIN","1878","37"
"22","6/7/2020","SAN MARTIN","1932","37"
"22","6/8/2020","SAN MARTIN","2089","39"
"22","6/9/2020","SAN MARTIN","2195","40"
"22","6/10/2020","SAN MARTIN","2340","41"
"22","6/11/2020","SAN MARTIN","2504","45"
"22","6/12/2020","SAN MARTIN","2688","52"
"22","6/13/2020","SAN MARTIN","2792","58"
"22","6/14/2020","SAN MARTIN","2804","62"
"22","6/15/2020","SAN MARTIN","2846","65"
"22","6/16/2020","SAN MARTIN","2920","71"
"23","3/19/2020","TACNA","",""
"23","3/20/2020","TACNA","",""
"23","3/21/2020","TACNA","",""
"23","3/23/2020","TACNA","",""
"23","3/24/2020","TACNA","",""
"23","3/26/2020","TACNA","",""
"23","3/27/2020","TACNA","",""
"23","3/28/2020","TACNA","1",""
"23","3/29/2020","TACNA","1",""
"23","3/30/2020","TACNA","1",""
"23","3/31/2020","TACNA","2",""
"23","4/1/2020","TACNA","2",""
"23","4/2/2020","TACNA","2",""
"23","4/3/2020","TACNA","2",""
"23","4/4/2020","TACNA","8",""
"23","4/5/2020","TACNA","8",""
"23","4/6/2020","TACNA","8",""
"23","4/7/2020","TACNA","9",""
"23","4/8/2020","TACNA","9",""
"23","4/9/2020","TACNA","9",""
"23","4/10/2020","TACNA","9",""
"23","4/11/2020","TACNA","9",""
"23","4/12/2020","TACNA","9",""
"23","4/13/2020","TACNA","9",""
"23","4/14/2020","TACNA","12",""
"23","4/15/2020","TACNA","14",""
"23","4/16/2020","TACNA","21",""
"23","4/17/2020","TACNA","30",""
"23","4/18/2020","TACNA","35",""
"23","4/19/2020","TACNA","39",""
"23","4/20/2020","TACNA","45",""
"23","4/21/2020","TACNA","50",""
"23","4/22/2020","TACNA","56",""
"23","4/23/2020","TACNA","60","1"
"23","4/24/2020","TACNA","65","1"
"23","4/25/2020","TACNA","71","1"
"23","4/26/2020","TACNA","74","1"
"23","4/27/2020","TACNA","79","1"
"23","4/28/2020","TACNA","93","1"
"23","4/29/2020","TACNA","102","1"
"23","4/30/2020","TACNA","112","1"
"23","5/1/2020","TACNA","116","1"
"23","5/2/2020","TACNA","121","2"
"23","5/3/2020","TACNA","126","2"
"23","5/4/2020","TACNA","131","2"
"23","5/5/2020","TACNA","140","2"
"23","5/6/2020","TACNA","145","2"
"23","5/7/2020","TACNA","146","2"
"23","5/8/2020","TACNA","151","2"
"23","5/9/2020","TACNA","159","2"
"23","5/10/2020","TACNA","159","2"
"23","5/11/2020","TACNA","160","2"
"23","5/12/2020","TACNA","163","2"
"23","5/13/2020","TACNA","167","2"
"23","5/14/2020","TACNA","173","2"
"23","5/15/2020","TACNA","183","2"
"23","5/16/2020","TACNA","188","2"
"23","5/17/2020","TACNA","188","2"
"23","5/18/2020","TACNA","205","4"
"23","5/19/2020","TACNA","217","4"
"23","5/20/2020","TACNA","229","4"
"23","5/21/2020","TACNA","272","4"
"23","5/22/2020","TACNA","307","4"
"23","5/23/2020","TACNA","359","4"
"23","5/24/2020","TACNA","361","4"
"23","5/25/2020","TACNA","400","4"
"23","5/26/2020","TACNA","414","4"
"23","5/27/2020","TACNA","422","4"
"23","5/28/2020","TACNA","453","4"
"23","5/29/2020","TACNA","463","4"
"23","5/30/2020","TACNA","481","4"
"23","5/31/2020","TACNA","481","4"
"23","6/1/2020","TACNA","495","4"
"23","6/2/2020","TACNA","510","4"
"23","6/3/2020","TACNA","524","4"
"23","6/4/2020","TACNA","538","4"
"23","6/5/2020","TACNA","557","4"
"23","6/6/2020","TACNA","572","4"
"23","6/7/2020","TACNA","575","4"
"23","6/8/2020","TACNA","587","4"
"23","6/9/2020","TACNA","603","4"
"23","6/10/2020","TACNA","609","4"
"23","6/11/2020","TACNA","621","4"
"23","6/12/2020","TACNA","636","4"
"23","6/13/2020","TACNA","645","4"
"23","6/14/2020","TACNA","647","5"
"23","6/15/2020","TACNA","666","5"
"23","6/16/2020","TACNA","669","6"
"24","3/19/2020","TUMBES","",""
"24","3/20/2020","TUMBES","",""
"24","3/21/2020","TUMBES","",""
"24","3/23/2020","TUMBES","3",""
"24","3/24/2020","TUMBES","3",""
"24","3/26/2020","TUMBES","5",""
"24","3/27/2020","TUMBES","6",""
"24","3/28/2020","TUMBES","8",""
"24","3/29/2020","TUMBES","8",""
"24","3/30/2020","TUMBES","10","1"
"24","3/31/2020","TUMBES","13","1"
"24","4/1/2020","TUMBES","15","2"
"24","4/2/2020","TUMBES","21","3"
"24","4/3/2020","TUMBES","26","4"
"24","4/4/2020","TUMBES","36","4"
"24","4/5/2020","TUMBES","36","4"
"24","4/6/2020","TUMBES","40","5"
"24","4/7/2020","TUMBES","44","5"
"24","4/8/2020","TUMBES","66","5"
"24","4/9/2020","TUMBES","67","7"
"24","4/10/2020","TUMBES","70","7"
"24","4/11/2020","TUMBES","109","8"
"24","4/12/2020","TUMBES","115","9"
"24","4/13/2020","TUMBES","128","11"
"24","4/14/2020","TUMBES","150","11"
"24","4/15/2020","TUMBES","168","11"
"24","4/16/2020","TUMBES","180","11"
"24","4/17/2020","TUMBES","187","12"
"24","4/18/2020","TUMBES","193","13"
"24","4/19/2020","TUMBES","199","15"
"24","4/20/2020","TUMBES","216","16"
"24","4/21/2020","TUMBES","218","17"
"24","4/22/2020","TUMBES","225","20"
"24","4/23/2020","TUMBES","237","21"
"24","4/24/2020","TUMBES","257","24"
"24","4/25/2020","TUMBES","269","26"
"24","4/26/2020","TUMBES","278","27"
"24","4/27/2020","TUMBES","294","27"
"24","4/28/2020","TUMBES","306","27"
"24","4/29/2020","TUMBES","353","27"
"24","4/30/2020","TUMBES","383","27"
"24","5/1/2020","TUMBES","400","30"
"24","5/2/2020","TUMBES","440","32"
"24","5/3/2020","TUMBES","451","32"
"24","5/4/2020","TUMBES","477","34"
"24","5/5/2020","TUMBES","508","36"
"24","5/6/2020","TUMBES","522","40"
"24","5/7/2020","TUMBES","536","43"
"24","5/8/2020","TUMBES","547","45"
"24","5/9/2020","TUMBES","569","49"
"24","5/10/2020","TUMBES","571","50"
"24","5/11/2020","TUMBES","601","56"
"24","5/12/2020","TUMBES","630","59"
"24","5/13/2020","TUMBES","666","60"
"24","5/14/2020","TUMBES","689","60"
"24","5/15/2020","TUMBES","727","60"
"24","5/16/2020","TUMBES","763","60"
"24","5/17/2020","TUMBES","777","60"
"24","5/18/2020","TUMBES","801","61"
"24","5/19/2020","TUMBES","841","63"
"24","5/20/2020","TUMBES","871","64"
"24","5/21/2020","TUMBES","906","64"
"24","5/22/2020","TUMBES","947","67"
"24","5/23/2020","TUMBES","976","67"
"24","5/24/2020","TUMBES","990","67"
"24","5/25/2020","TUMBES","1035","67"
"24","5/26/2020","TUMBES","1072","67"
"24","5/27/2020","TUMBES","1101","67"
"24","5/28/2020","TUMBES","1148","68"
"24","5/29/2020","TUMBES","1179","69"
"24","5/30/2020","TUMBES","1189","73"
"24","5/31/2020","TUMBES","1199","74"
"24","6/1/2020","TUMBES","1242","75"
"24","6/2/2020","TUMBES","1274","77"
"24","6/3/2020","TUMBES","1304","80"
"24","6/4/2020","TUMBES","1329","82"
"24","6/5/2020","TUMBES","1383","84"
"24","6/6/2020","TUMBES","1419","87"
"24","6/7/2020","TUMBES","1428","89"
"24","6/8/2020","TUMBES","1472","91"
"24","6/9/2020","TUMBES","1533","91"
"24","6/10/2020","TUMBES","1590","93"
"24","6/11/2020","TUMBES","1667","94"
"24","6/12/2020","TUMBES","1733","95"
"24","6/13/2020","TUMBES","1782","96"
"24","6/14/2020","TUMBES","1798","97"
"24","6/15/2020","TUMBES","1849","102"
"24","6/16/2020","TUMBES","1860","104"
"25","3/19/2020","UCAYALI","",""
"25","3/20/2020","UCAYALI","",""
"25","3/21/2020","UCAYALI","",""
"25","3/23/2020","UCAYALI","",""
"25","3/24/2020","UCAYALI","",""
"25","3/26/2020","UCAYALI","",""
"25","3/27/2020","UCAYALI","",""
"25","3/28/2020","UCAYALI","",""
"25","3/29/2020","UCAYALI","",""
"25","3/30/2020","UCAYALI","",""
"25","3/31/2020","UCAYALI","",""
"25","4/1/2020","UCAYALI","",""
"25","4/2/2020","UCAYALI","1",""
"25","4/3/2020","UCAYALI","2",""
"25","4/4/2020","UCAYALI","8","1"
"25","4/5/2020","UCAYALI","8","1"
"25","4/6/2020","UCAYALI","13","1"
"25","4/7/2020","UCAYALI","14","1"
"25","4/8/2020","UCAYALI","14","1"
"25","4/9/2020","UCAYALI","14","1"
"25","4/10/2020","UCAYALI","17","2"
"25","4/11/2020","UCAYALI","18","2"
"25","4/12/2020","UCAYALI","21","2"
"25","4/13/2020","UCAYALI","32","2"
"25","4/14/2020","UCAYALI","38","2"
"25","4/15/2020","UCAYALI","59","4"
"25","4/16/2020","UCAYALI","65","5"
"25","4/17/2020","UCAYALI","80","5"
"25","4/18/2020","UCAYALI","99","7"
"25","4/19/2020","UCAYALI","121","11"
"25","4/20/2020","UCAYALI","147","13"
"25","4/21/2020","UCAYALI","170","16"
"25","4/22/2020","UCAYALI","194","24"
"25","4/23/2020","UCAYALI","209","25"
"25","4/24/2020","UCAYALI","260","29"
"25","4/25/2020","UCAYALI","281","36"
"25","4/26/2020","UCAYALI","298","42"
"25","4/27/2020","UCAYALI","407","43"
"25","4/28/2020","UCAYALI","591","46"
"25","4/29/2020","UCAYALI","678","48"
"25","4/30/2020","UCAYALI","757","50"
"25","5/1/2020","UCAYALI","833","57"
"25","5/2/2020","UCAYALI","939","61"
"25","5/3/2020","UCAYALI","1033","64"
"25","5/4/2020","UCAYALI","1124","66"
"25","5/5/2020","UCAYALI","1183","72"
"25","5/6/2020","UCAYALI","1264","75"
"25","5/7/2020","UCAYALI","1276","78"
"25","5/8/2020","UCAYALI","1377","82"
"25","5/9/2020","UCAYALI","1567","85"
"25","5/10/2020","UCAYALI","1614","87"
"25","5/11/2020","UCAYALI","1660","90"
"25","5/12/2020","UCAYALI","1744","93"
"25","5/13/2020","UCAYALI","1853","94"
"25","5/14/2020","UCAYALI","1963","95"
"25","5/15/2020","UCAYALI","2067","96"
"25","5/16/2020","UCAYALI","2474","99"
"25","5/17/2020","UCAYALI","2526","101"
"25","5/18/2020","UCAYALI","2880","103"
"25","5/19/2020","UCAYALI","3020","104"
"25","5/20/2020","UCAYALI","3337","104"
"25","5/21/2020","UCAYALI","3497","104"
"25","5/22/2020","UCAYALI","3684","104"
"25","5/23/2020","UCAYALI","3809","104"
"25","5/24/2020","UCAYALI","3845","104"
"25","5/25/2020","UCAYALI","3911","104"
"25","5/26/2020","UCAYALI","4091","104"
"25","5/27/2020","UCAYALI","4252","105"
"25","5/28/2020","UCAYALI","4460","106"
"25","5/29/2020","UCAYALI","4631","107"
"25","5/30/2020","UCAYALI","4837","107"
"25","5/31/2020","UCAYALI","4887","107"
"25","6/1/2020","UCAYALI","5001","110"
"25","6/2/2020","UCAYALI","5040","113"
"25","6/3/2020","UCAYALI","5098","113"
"25","6/4/2020","UCAYALI","5159","114"
"25","6/5/2020","UCAYALI","5312","115"
"25","6/6/2020","UCAYALI","5484","117"
"25","6/7/2020","UCAYALI","5534","117"
"25","6/8/2020","UCAYALI","5732","118"
"25","6/9/2020","UCAYALI","5940","119"
"25","6/10/2020","UCAYALI","6057","120"
"25","6/11/2020","UCAYALI","6238","122"
"25","6/12/2020","UCAYALI","6381","122"
"25","6/13/2020","UCAYALI","6536","126"
"25","6/14/2020","UCAYALI","6562","127"
"25","6/15/2020","UCAYALI","6584","129"
"25","6/16/2020","UCAYALI","6596","133"
